index,segment,answerDate,NPS,impactInteraction,reason,improvement
0,Segmento 1,MES 1,0,3,Porque el banco no respalda a sus clientes y tiene un mal servicio muy deficiente en seguridad no responden a la seguridad de los usuarios es p√©simo,Es un banco ineficiente
1,Segmento 1,MES 2,5,2,No s√© soluciono el problema,M√°s oficinas
2,Segmento 1,MES 3,5,3,Mucha demora para ll atiendan para consultas,M√°s m√≥dulos de atencion
3,Segmento 1,MES 1,6,3,"La atenci√≥n estubo bien ,la molestia es por qu√© los intereses son muy altos hab√≠a hecho un referido para modular la cuota y cobraron m√°s intereses pero la cuota no bajo antes subi√≥ m√°s y ped√≠ explicaci√≥n y no me la dieron solo me digeron eso lo arrojaba el sistema ,la verdad muy desepsionado ,a√±os atr√°s tu e un inconveniente con una consignaci√≥n que hice en el Yumbo hice los respectivos procesos y nunca me devolvieron ese dinero me toc√≥ pagar nuevamente",Que las tarifas sean reales a como se las explican a uno dicen una cosa y cobran otra
4,Segmento 1,MES 2,5,3,ninguna,gracias
5,Segmento 2,MES 3,1,1,Porque ustedes toman desicion es por el cliente sin tener en cuenta que nosotros somos los que colocamos la plata Par que ustedes la trabajen.... Y acaban con la confianza que deten√≠a en ustedes.. Muy grave.,En. Nada ya no me interesa si no terminar de pagarles la deuda porque ustedes ya me retiraron del banco.
6,Segmento 1,MES 1,5,5,"Llega uno a pagar la tarjeta al √°rea de cajas porque no lo hago por otro canal. porque es complicado y no pago lo que estipula el extracto que me env√≠an sino que pago mas para liberar el monto y me dicen que no lo puedo hacer, tengo otras tarjetas con otras entidades y esto no me sucede y esto para mi es incomodo todos los meses pasar por esta situaci√≥n.","Perd√≥n, no soy yo la persona indicada para decirles que deben mejorar"
7,Segmento 1,MES 2,4,1,"Porque no hay oficinas suficientes para los pagos, hab√≠a una oficina en Centro empresarial Conecta y lo quitaron ,los intereses muy altos en los prestamos",Crear mas oficinas para facilitar los pagos
8,Segmento 1,MES 3,5,3,"Nada especial, es igual a las demas","mejores sillas, las que hay no tienen espaldar y hay que esperar mcho y es incomodo."
9,Segmento 1,MES 1,0,1,No me colaboraron ni me facilitaron solucion a la dificultad que tengo con el banco.,"Por favor un asesor me atienda personalizado 
Tengo dificultad para ingresar a mi app de Colpatria no obtengo c√≥digo de contrase√±a 
Me lo env√≠an por mensaje al tel√©fono que se cancel√≥.
Deseo que por favor me env√≠en la informaci√≥n al correo 
No puedo asistir a una oficina pues no estoy en el pa√≠s 
Por favor urge su colaboraci√≥n 
Gracias
Mi dificultad es que"
10,Segmento 2,MES 2,0,1,No resuelven los problemas que el mismo Banco genera,Entregar una tarjeta que el Banco bloqueo por decisi√≥n propia
11,Segmento 2,MES 3,0,3,No dan soluciones,"Den soluciones .
Escuchar al cliente y darle opciones de lo q el cliente quiere"
12,Segmento 1,MES 1,3,2,"Porque me hicieron cargos a mi tarjeta de cr√©dito sobre adquisiciones que yo no hice y el banco no colabor√≥ en investigar de donde provenian los cargos, ya que no era nombre conocido.",Ser responsables y preocuparse no s√≥lo por sus productos sino por el usuario o consumidor de los mismos que es la esencia del negocio.
13,Segmento 2,MES 2,4,3,Al cliente preferencial no lo tienen en cuente de pasarlo pronto,Decirle a sus empleados que tienen que estar m√°s pendientes de la atenci√≥n prioritaria
14,Segmento 1,MES 3,0,1,Mala atenci√≥n a el cliente,
15,Segmento 2,MES 1,6,3,porque cada vez hay menos oficinas en el sector,dejar de eliminar oficinas en la ciudad
16,Segmento 1,MES 2,4,1,No hubo una atenci√≥n acertiva,Preparar m√°s a su personal en servicio al cliente
17,Segmento 1,MES 3,0,1,"Mal servicio ,no hay linea cada vez que voy al banco ,calor",
18,Segmento 1,MES 1,0,1,Mucha demora oficina tambi√©n si uno llama que Servio tan malo,Mejores asesores
19,Segmento 2,MES 2,6,2,NO tenemos quien nos atienda.,"volver a tener una persona que  lo atienda, seguramente hicieron recorte de personal y no tiene tiempo."
20,Segmento 1,MES 3,0,1,"El cierre de oficinas perjudica a los clientes, y m√°s cuando se hace de manera premeditada y no se informa",Por lo menos poner m√°s personal que atienda en caja en las oficinas que quedan. Si van a cerrar todas las oficinas bancarias INFORMEN!
21,Segmento 1,MES 1,2,1,El tiempo de espera es largo y no me ayudaron con mi requerimiento,Tener m√°s asesores para atenci√≥n al cliente y mejorar la informaci√≥n que manejan ya que muchas veces no es la misma que manejan todos
22,Segmento 1,MES 2,0,1,Servicio p√©simo,No hay soluci√≥n
23,Segmento 1,MES 3,5,1,"Aprovecho la oportunidad para comentar en la asistencia medica en el exterior  al definir los pagos hospitalarios fue muy dif√≠cil la comunicaci√≥n con ustedes,  y los correos que envi√© nunca tuvieron una respuesta, gracias.","Que en todas las √°reas, tengamos acceso telef√≥nicamente, como por ejemplo en tesorer√≠a porque realic√© muchas llamadas y lo que me informaron es que para ese √°rea solo enviar los correos."
24,Segmento 1,MES 1,0,1,Mora en atenci√≥n y respuestas tard√≠as sin soluci√≥n en cuanto a seguros que por intermedio de la entidad los usuarios adquieren.,Dar respuesta clara y efectiva y hacer control a la aseguradoras que por intermedio de la entidad ofrecen sus servicios en mi caso el seguro de mascotas. Adicionalmente revisar las cuotas de inter√©s tan elevadas que tiene la entidad. Pues aseguran que en un pago de una cuota no genera inter√©s siendo esto una falacia.
25,Segmento 1,MES 2,4,2,Cuota de manejo de la tarjeta muy costosa,No cobrar la cuota de manejo
26,Segmento 1,MES 3,5,3,"ES EL BANCO QUE LE SACA AL CLIENTE EL DINERO DE LOS BOLSILLOS. COBRAN CUOTA MANEJO, SEGURO, INTERESES CORRIENTES, INTERESES MORA Y COMO LES PARECE POCO: COBRANZAS POR HACER UNA LLAMADA.",ANALICEN COMO AYUDAR AL CLIENTE. SI ES DIFERENTE MAS LLEGAN. CON LOS COSTOS AHUYENTAN.
27,Segmento 1,MES 1,5,3,"Los CDT no tiene m√°s d√≠as para cancelar, si no que tiene que ser el mismo d√≠a. Terrible.",Ser m√°s m√°s asequible al cliente
28,Segmento 1,MES 2,6,4,Ten√≠a otras expectativas,Quitar la cuota de manejo de la tarjeta que voy a recibir
29,Segmento 1,MES 3,2,2,"La informaci√≥nes obtenida fue confusa
Qued√© insatisfecho
No me llamen al tel√©fono
Cuando vaya a sus oficinas
Me explican
Por favor.",
30,Segmento 2,MES 1,2,3,No s√© pudo solucionar  nada,Solucinar
31,Segmento 1,MES 2,5,3,"demora en el servicio e informaci√≥n acerca de pagos incompleta, se les pregunta a los asesores y tampoco saben",mejorar la informaci√≥n suministrada
32,Segmento 1,MES 3,1,1,"Ustedes, son abusivos, le cambian la condiciones del contrato al cliente, eso tipifica abuso de poder y constituye actuaci√≥n reprochable a al tenor de C√≥digo de Comercio y las disipaciones de la superintendencia Bancaria","Ser respetuosos de la legislaci√≥n que gobierna el servicio bancario y no abrogarse poderes exorbitantes que ninguna norma le ha otorgado...Abusivos mediocres...el Banco no es de Ustedes, ub√≠quense en la posici√≥n que les corresponde lambones, serviles.."
33,Segmento 2,MES 1,1,1,"Mucho tiempo para solicitar certificado hipotecario (20) dias. Nunca llego al correo
Luego ir a hacer dos horas de fila para que le digan que hubo una falla el correo llego pero no se puede bajar el documento",Mejorar el servicio
34,Segmento 1,MES 2,0,2,Veinte minutos esperando con el banco sin filas y no se hab√≠an dado cuenta de que hab√≠a turnos de asesor√≠a.,"Mejorar la usabilidad de la banca virtual, no se ve f√°cilmente el n√∫mero de cuotas de las compras con TC. Hacer llegar las comunicaciones de respuesta a casos abiertos, redactarlas con profesionalismo. No cambiar las condiciones de n√∫mero de transacciones para no pagar cuota de manejo."
35,Segmento 1,MES 3,5,1,"Hab√≠a poca afluencia de clientes y los cajeros estaban hablando entre s√≠, solo 1 de 3 estaba atendiendo al p√∫blico.","Si tienen cajeros haciendo otro tipo de actividades (social/pausas activas  u operativas)y no pueden atender a los clientes de la oficina deber√≠an no ser visibles para el p√∫blico que espera, esto fomenta la molestia en los clientes que esperan"
36,Segmento 1,MES 1,6,5,"Buena atenci√≥n, y cordialidad de parte de la asesora","Todo est√° muy bien, no creo que deban mejorar"
37,Segmento 1,MES 2,1,2,"Porque estoy pensando retirarme, porque la √∫nica oficina qu√© tenemos en el barrio 20 de julio la suspenden a partir del 1 de noviembre, y ya nos quedar√≠amos sin colpatria en el barrio",En vez de retirar esa oficina deveran colocar otra en el barrio
38,Segmento 1,MES 3,0,1,No hay soluciones en la.oficina no tienen capacidad de resolver nos ponen a marcar a una linea de telefono toca entregar la tarjeta de credito por un cupo de 600000 estoy pagando un manejo del 5 por ciento mensual es un verdadero abuso,A mi nada por q no quiero ser mas cliente de uds gracias
39,Segmento 2,MES 1,6,3,Normalmente no me siento satisfecha con el banco,"La atenci√≥n fue buena, no son las personas quienes me incomodan"
40,Segmento 1,MES 2,0,3,Nunca funciona la plataforma para la realizaci√≥n de pagos,Invertir recursos en la mejora de la plataforma para hacer todo de manera virtual
41,Segmento 1,MES 3,0,1,no hay soluci√≥n r√°pida,soluciones radicales y las l√≠neas de atenci√≥n siempre est√©n en funcionamiento
42,Segmento 1,MES 1,5,4,Los intereses son muy altos,Hise una reclamaci√≥n y no e octenido respuesta
43,Segmento 1,MES 2,0,1,No tuve soluci√≥n  ami solicitud,Analizar  bien el perfil  de los clientes
44,Segmento 2,MES 3,1,2,"Demora en la atenci√≥n, solo fui a hacer un abono a mis cr√©ditos y me tomo una hora hacerlo",Yo preferiria poder hacer mis diligencias de forma virtual
45,Segmento 1,MES 1,3,3,No  uvo. Solocion de nada,Que aya preferencia para los discapacitados
46,Segmento 2,MES 2,3,3,Hago abonos a capital para bajar el valor de la cuota y no bajan la cuota hasta que llamo a hacer el reclamo.,
47,Segmento 1,MES 3,1,2,"Creo que la m√°quina que cuenta los billetes en caja 3 presenta falla. Antes de ir hacer el pago en la sucursal, cont√© muy bien la plata en mi casa, llevaba 6 millones en billetes de 100 mil pesos para hacer el pago de la tarjeta cr√©dito, no estoy completamente seguro, pero puede que les sobraron 100 mil pesos al finalizar el turno.","Verificar la novedad, no es una afirmaci√≥n pero si tengo esa duda al momento del pago."
48,Segmento 1,MES 1,4,5,Es un banco muy bueno yo es porque ya tengo mis a√±os no quiero endeudarme mas,Ya an echo mucho por mi
49,Segmento 1,MES 2,0,1,Porque no resolvieron la inquietud que tengo,"Si uno tiene un cr√©dito con ustedes ,son ustedes los que le deben dar soluci√≥n a sus inquietudes."
50,Segmento 1,MES 3,0,4,La atenci√≥n fue buena,
51,Segmento 1,MES 1,2,1,Porque me dieron un valor a pagar que no era y despu√©s me llaman del banco y me dicen que tengo d√≠as de mora por la mala informaci√≥n que me dieron en el banco al momento de pagar,"Tener una mejor informaci√≥n de lo que debe uno pagar en todas la plataformas (app, banco, l√≠nea telef√≥nica etc)"
52,Segmento 2,MES 2,5,2,No me resolvieron el motivo de mi visita  ala oficina. me dirigen a la multilinea y es imposible la comunicacion,M√°s facilidad y agilidad ala hora de realizar alg√∫n tramite sea oficina o virtual
53,Segmento 1,MES 3,2,2,porque me quitaron mis extractos fisicos impresos.  Me han hecho perder mucho tiempo. No me responden radicados,"no enga√±arme con los extractos.  Este a√±o ha sido pesimo con ese tema, me enga√±an diciendome que si me van a llegar,  6 o mas meses atras llegaba uno y no el otro, o lo contrario hasta que hace 6 meses ya no llega ninguno. Voy a Cancelar todos los seguros que tome a traves de ustedes y posiblemente mis 2 tarjetas tambien"
54,Segmento 1,MES 1,3,1,"Aseguran que compr√© un seguro de fraude, que yo no compr√©. Me mostraron el mensaje ofreciendomelo,  pero no mi respuesta. As√≠ que me lo adjudicaron sin mi aceptaci√≥n.","Anular la compra del seguro, que no acept√©."
55,Segmento 1,MES 2,5,4,"Me habia retirado...retome nuevamente la TC con ustedes y el cupo de hoy ganando mas no es ni la mitad de lo que tenia...voy a darme un tiempo a ver si lo aumentan, o cancelo",Cupo y cuota de manejo
56,Segmento 1,MES 3,3,2,PORQUE NO ME SOLUCIONARON LO QUE PRETENDIA Y EN OTRA ENTIDAD FUE COMO EN JET,YA NO LA PRIMERA IMPRESION DEJA MUCHO QUE DESEAR
57,Segmento 1,MES 1,0,1,La comunicaci√≥n con el banco es super mala,Mejorar la atenci√≥n al cliente
58,Segmento 1,MES 2,0,1,Mucha espera muy mal servicio,Ser m√°s √°giles y eficientes
59,Segmento 1,MES 3,2,3,"Porque igual uno se aguanta las. Filas y la atenci√≥n del asesor del cr√©dito p√©simo
Muy mala asesor√≠a
No dice las cosas y se lleva uno sorpresas üòè",Aumentar asesores y personas q sean transparentes
60,Segmento 1,MES 1,0,1,"Primero pantalla de turnos mala; los dichos en mesa del lado pero no hay un aviso de la ubicaci√≥n de estos.
Me dejaron 20
Minutos esperando",Mejor informaci√≥n
61,Segmento 1,MES 2,6,5,"Exelente atenci√≥n por parte de las asesoras, r√°pida atenci√≥n y amabilidad",Me parece bien su atenci√≥n
62,Segmento 1,MES 3,3,2,M√°s atenci√≥n al cliente,Tener m√°s redes de cajeros para el retiro del dinero o redes aval
63,Segmento 1,MES 1,5,3,Hay mucha gente en asesoria,Mejorar la atencion
64,Segmento 1,MES 2,5,3,El proceso de atenci√≥n es demasiado lento.,"Si el flujo de clientes en la sede es tan constante, se recomendaria que al menos 2 o 3 asesores esten disponibles para la atenci√≥n de los usuarios. En mi caso solo estaba disponible un asesor y tuve que esperar 1 hora para ser atendida"
65,Segmento 1,MES 3,2,4,"A sido imposible comunicarme con un asesor,  tengo el inconveniente de que no volvi√≥ a llegar el extracto y quiero saber como puedo cancelar mi tarjeta terminada en 9408","Que sea f√°cil resolver inquietudes en cualquier oficina,  la respuesta de los asesores de estas oficina es que todo por la. Aplicaci√≥n; y no soy la m√°s experta"
66,Segmento 1,MES 1,3,3,Solo fuy apagar la tarjeta de credito y no porq siempre es dif√≠cil hablar con los asesores y el banco pone mucho problema para un cr√©dito,Mejorar y no exigir de maxiado para los cr√©ditos
67,Segmento 1,MES 2,0,1,"Por favor revisen esta cuenta porque yo soy de Argentina y est√°n usando mi correo electr√≥nico para llenarme de Spam üò° nose como puedo solucionar este problema, en ning√∫n momento me hice una cuenta en esto que nose que sea pero siempre me llegan mails de extracciones y movimientos en mi ""supuesta cuenta"".... nose donde puedo reclamar o denunciar este asunto, por favor revisen esto porque me quiero desuscribir y no me lo permiten..dejen de enviarme mails y eliminen mi cuenta de correo electr√≥nico.","Dejen de enviarme spam a mi correo electr√≥nico, soy de Argentina y en ning√∫n momento me suscrib√≠ a nada, est√°n usando mi nombre y mi correo para nose que sea...."
68,Segmento 1,MES 3,2,1,me demore una y media para que me atendieran,mejorar el tiempo de respuesta
69,Segmento 1,MES 1,5,2,Porque no me  llegan mis estractos y no s√© cu√°nto debo pagar,Por favor seguir enviando los estractos a mi correo personal como d costumbre
70,Segmento 2,MES 2,0,3,"P√©simo banco, las respuestas dadas por sus funcionarios no resuelven las inconformidades de los clientes.",
71,Segmento 1,MES 3,1,3,la atenci√≥n fue muy regular.. me decian que le preguntara el jede de la sucursal.. por atender a otra persona amigo del se√±or q llego en ese momento,tener atencion telefonica que uno llama y no hay menu de atencion con asesor
72,Segmento 1,MES 1,0,3,No mde dieron soluci√≥n ni repuesta ah lo que necesitaba,Que den una respuesta coherente ah mi servicio que nececito
73,Segmento 1,MES 2,4,2,"No existe la discreci√≥n: una se√±ora fue a sacar plata y, de viva voz dijo que necesitaba $3 millones en efectivo y $ 9 en cheque. Todos los que est√°bamos all√≠, nos enteramos.Eso pone en riesgo a los usuarios. Son muy lentos y puede mejorar la experiencia del cliente o usuario","Mejor entrenamiento a los cajeros en atenci√≥n al publico. 
Trabajo en equipo (mucho chisme entre ellos)
Talonarios o sistema donde una pueda registrar la operaci√≥n y cuant√≠a que necesitaba
Uniformes a los colaboradores"
74,Segmento 1,MES 3,0,3,Es un banco donde nadie da informaci√≥n concreta y clara y ponen muchas trabas para cerrar una cuenta.,
75,Segmento 2,MES 1,6,3,Es un banco muy costoso,
76,Segmento 1,MES 2,6,3,El servicio en ocasiones es bueno y otras poco,Tener m√°s cajeros de acuerdo a la cantidad de gente q este llegando
77,Segmento 1,MES 3,4,4,El se√±or que  llama cesar atend√≠a a la gente sin respetar el turno...,Que se respeten los turnos me parece que si uno saca un turno tiene que esperar su turno y el se√±or C√©sar atendi√≥ a otra persona sin turno y lo salud√≥
78,Segmento 1,MES 1,0,1,"La oficina muy desordenada, se estaba haciendo fila y un funcionario da√±o la fila, mucha demora para atender pocos empleados. No atendieron todos mis requerimientos.",Poner m√°s empleados en las oficinas y capacitarlos para que puedan resolver las inquietudes.
79,Segmento 1,MES 2,5,3,Por la demora,Ser un poco m√°s eficientes
80,Segmento 2,MES 3,0,1,Estoy retir√°ndome de Colpatria. No me han respondido por dos pagos que suman $2.930.000,nada gracias
81,Segmento 1,MES 1,0,1,"Mala atenci√≥n. No resoluci√≥n del problema, esta frente al funcionario y tienes que hacer el tr√°mite telef√≥nico o virtual",Acompa√±amiento. Responder las solicitudes. Equipo que maneje integralmente las solicitudes
82,Segmento 1,MES 2,5,2,Mucha demora en la atenci√≥n.,M√°s agilidad de los asesores
83,Segmento 2,MES 3,5,3,No saben lo que es servicio al cliente. Son personas prepotentes y el cliente no les interesa,"Capacitar la gente , que entiendan que el cliente es importante y bajen un poco esa prepotencia de creerse lo m√°ximo y el cliente es un pobre aparecido"
84,Segmento 1,MES 1,0,1,,
85,Segmento 1,MES 2,3,3,"Me parece muy delicados que los abonos por pse no se reflejen el mismo d√≠a , he incluso que no se abonen a la tarjeta y que haya que esperar 20 d√≠as para solucionar","El sistema de pago es l√≠nea no es confiable, eso se debe mejorar"
86,Segmento 1,MES 3,5,1,Dur√© haciendo cola 40 minutos para llegar a caja y s√≥lo √©ramos cuatro cliente hab√≠a s√≥lo una cajera atendiendo a los presentes nos pareci√≥ que era lenta ser√≠a importante que contar√°n con dos cajeros siempre y los tiempos con los acesores es muy largo,El siempre tengan dos cajeros y que sean √°giles si miran la grabaci√≥n ver√°n cuatro se√±oras muy molestas pq les parec√≠a una falta de respeto con la tercera edad en este momento lleg√≥ una pr√°cticamente y trato de calmar los √°nimos
87,Segmento 2,MES 1,4,1,No se ha podido utilizar oportunamente la banca virtual para transferencias y se me han causado costos con la tard√≠a reversi√≥n de las que se han dispuesto.,"Tener un sistema de banca virtual m√°s agil, y oportuno."
88,Segmento 1,MES 2,6,3,Muchos inconvenientes,mejorar
89,Segmento 2,MES 3,5,3,Mucha demora para la atenci√≥n a los clientes,Ser m√°s activos atenci√≥n prioritaria y ligera no demora la atenci√≥n m√°s de 10 minutos m√°ximo con el cliente
90,Segmento 2,MES 1,3,3,No es coherente que uno env√≠e a una persona a que realice el pago y no lo reciban porque no es el titular,"Los cajeros expresan que desconocen cu√°l es el pago de la tarjeta de cr√©dito y cu√°l el del pr√©stamo, adem√°s creen que se trata de un embargo y se realiza por una cantidad inferior. Si resuelven esto, se avanza bastante"
91,Segmento 1,MES 2,0,1,Se paga mucho inter√©s  corriente  muy poco. Al saldo. Vampiros,Bajar inter√©s corriente
92,Segmento 1,MES 3,4,4,Buena atenci√≥n,M√°s cajeros  autom√°ticos
93,Segmento 2,MES 1,0,1,Mal.sercivio,Atender al cliente
94,Segmento 1,MES 2,1,3,"Una cuota de manejo mensual costosa, aunado a unos intereses demasiado altos.",Nada. Gracias.
95,Segmento 1,MES 3,2,1,No solucionan los problemas ellos no tienen la informaci√≥n actualizada y ml q hacen es perjudicar al usuario,Los.empleados en oficina no deber√≠an ser solo.mauquinas q reciben dinero o papeles deben atender de manera integral y q realmente den soluciones
96,Segmento 1,MES 1,0,1,Me robaron,
97,Segmento 2,MES 2,0,3,No son id√≥neo para prestar asesor√≠a,No creo que puedan dar un mejor servicio!
98,Segmento 1,MES 3,3,3,Service is extremely horrible.,"Obviously hire more cashiers or put the 7-8-9 people doing nothing to work as cashiers.Teach them to do more than just sitting there. Cross training. Aproximately year ago I withdrew $26,000,000 mil pesos after going to Scotia three times to make a deposit. Waiting a grand total of one hour and 18 minutes for the three tries at depositing, I withdrew my money and walked out. You truely have no service. The trip on  Dec. 12th a little better as only 12 people were in line waiting on the one cashier while your other 9-10 employees basicily sat doing nothing. Pretty much the same every time I try and make a deposit."
99,Segmento 1,MES 1,0,1,"El aseosr que me qtendio me hizo entender que no es un banco en el que quierp estar, deb√≠ de haber hecho una queja pero no ten√≠a tiempo para hacerla, as√≠ que se salv√≥",Ya no buscar√© qlgo m√°s con ustedes
100,Segmento 2,MES 2,0,3,NO ENCONTRE RESPUESTA,DARME SOLUCION A MI PQR
101,Segmento 1,MES 3,0,3,"N√£o sou cliente.
Continuo a receber mail erradamente.",Alterem o mail do vosso cliente
102,Segmento 2,MES 1,2,1,"La atenci√≥n no es la mejor, y ponen muchas trabas para los formatos que deber√≠an suministrar m√°s facilmente los cajeros o las personas de servicio al cliente.","Que cuando se solicitar los formularios, abonos cuentas AFC, Retiros para abono a capital cuenta AFC, fuera m√°s f√°cil acceso, as√≠ como la actualizaci√≥n de la p√°guina web"
103,Segmento 1,MES 2,0,1,No atienden bien,
104,Segmento 2,MES 3,0,3,"Porque tuve tantos problemas de intento de fraudes espec√≠ficamente con sus tarjetas que ir a las oficinas, en nada cambia mi sensaci√≥n de inseguridad en torno a los productos.",Revisen qu√© pasa con la informaci√≥n que uno les entrega porque los intentos de fraude requer√≠an informaci√≥n que solo ten√≠an ustedes y yo.
105,Segmento 1,MES 1,0,4,"Por qu√© hicieron actualizar un celular al cual me llaman a diario , por quede sin lograr los estratos que son imposible bajarlos por la app o el PC . No es posible que para registrar u obtener nombre de usuario desde ayer estoy esperando el email, y eso que tampoco tengo password. No entiendo por qu√© los estratos no los siguen enviand virtual como lo hacen los bancos",Enviar los extractos por  e mail
106,Segmento 1,MES 2,0,5,No me lleg√≥ el extracto no lo encontr√© y me puse en mora y casi se juntan dos cuotas m√°s los intereses de no pagar a tiempo,Mejorar el servicio de correspondencia de las fechas de pago..
107,Segmento 1,MES 3,5,3,solicite un cupo para abances no √°cido posible tan poco tengo respuesta el motivo,dar respuesta clara y oportuna
108,Segmento 1,MES 1,1,1,"LLEVO CON LA EMPRESA, 6 A√ëOS LLEVO PAGANDO 3 A√ëOS SEGIDOS UN SEGURO EN LA CUENTA SE MUEVE UN PROMEDIO ENTRE8 MILLOS DE PESOS MENSUALES
Y NO ME PRESTARON 5 MILLONES PARA HACER VIDA CREDITICIA Y NI UNA TARJETA DE CREDITO ME OFRECIERON, CON ESO ENTIENDO Q ALOS CLIENTES NO SON TENIDO EN CUENTA. POR ESO NO LA PUEDO RECOMENDAR",LO MINIMO ES DARLE PRIORIDAD A LOS CLIENTES ANTIGUOS Y MINIMO ALGUIEN Q LLEVE MAS DE 3 A√ëOS CON SUS PRODUCTOS.
109,Segmento 1,MES 2,3,2,Muy mala atenci√≥n mucha demora para un cumple reclamo.,Ponerles m√°s atenci√≥n a esas personas que hacen que trabajan y apenas miran los clientes.
110,Segmento 1,MES 3,3,3,No lo recomiendo es un banco muy costoso en los servicios prestados,
111,Segmento 2,MES 1,3,3,"Porque cuando hay alg√∫n retraso , no dan la informaci√≥n del incremento oportunamente y liquidan mal, paga uno lo que liquidan y luego sigue debiendo saluditos y luego vienen cobros por cobranzas que no son justificados",Que cuando se pida una liquidaci√≥n. Lo hagan oportunamente y as√≠ le eviten al cuentabiente costos de cobranzas
112,Segmento 1,MES 2,1,1,"la atenci√≥n al cliente, es de mala calidad. si quieren atender atienden, si necesitan pasar a alguien sin hacer fila lo hacen por encima del que tiene el turno, casi que es rogar para ser atendido","ponerse la mano en el coraz√≥n y sentir que nosotros como clientes estamos depositando nuestra confianza y nuestro dinero en sus manos, o sea somos los que ustedes necesitan, ojala hubiera una rebeli√≥n y todos sacaran su poco dinero de los bancos y as√≠ las corporaciones bancarias tendr√≠an que ofrecer servicios dignos"
113,Segmento 1,MES 3,0,1,"No envian extractos  a pesar que los solicite que me lo enviaran a este que es mi correo, pero extra√±amente si me envian informaci√≥n  del valor  de la cuota a pagar, no es posible  que deba pagar la cuota sin conocer mis extractos.",Solo por favor envienme mi extracto  mensual.  Gracias por su gesti√≥n
114,Segmento 1,MES 1,3,1,"Estuve 2 horas solicitado un 
cheque de un cdt  metieron que otra persona deb√≠a autorizar lo yo ya hab√≠a hablado temprano con wsa se√±ora y le hab√≠a dicho que lo iba a retirar. Y despu√©s dicha mujer tiene el descaro delllamarme y no autorizado sino hacerme preguntas de datos wrdnalws cuando yi haba dejado ya mis huellas y c√©dula y hab√≠a estado en la oficina  y luego se va la que me estaba ateni√©ndo y la que me llama no es capaz de enviar el correo a la oficia y si me cuelga. Mi dinero lo manejo yo no una asesora ordena si lo puedo sacar o no .",Agilizar 3l tr√°mite no cerrar oficinas yenos √±a que yo usaba avisar que uno depende de unnx para autores sacr wl diero de uno.. Cobtratar gente capacitada.  Id√≥nea si ya me hicieron la biometria para que tengo que responder llamadas que pueden prestarse para fraudes.
115,Segmento 1,MES 2,1,3,Muy cara esa tarjeta de cr√©dito; impagable!!‚Äô,La atenci√≥n del asesor fue buena; me refiero a muy caros los intereses que ustedes manejan!! Es una tarjeta de cr√©dito demasiado cara!!!
116,Segmento 1,MES 3,1,3,"No espiarle que me cobren por u producto que no uso (cr√©dito rotativo) sin que lo use hace m√°s de 5 a√±os y que solo lo pueda cancelar tel√©fonicamente , INACEPTABLE",No cobrarme  por un producto  que no uso y permitir cancelar presencialmente en la sucursales
117,Segmento 1,MES 1,0,5,Porque no tienen m√°s sucursal y me toca ir a pagar siempre tarde y no me env√≠an mi estado de cuenta a mi correo electr√≥nico teniendo mis datos,Terner m√°s puntos de atenci√≥n donde pueda pagar sin nesecidad de llegar al centro y enviarme mi estado de cuenta a mi correo electr√≥nico
118,Segmento 1,MES 2,5,3,Mucha demora,M√°s asesor√≠a
119,Segmento 2,MES 3,0,1,TENGO UN PROBLEMA CON UN PRESTAMO Y NO ME FUE RESUELTO,RESOLVER EL PROBLEMA
120,Segmento 1,MES 1,0,1,Por la sencilla raz√≥n que vengo pagando mis cuotas al d√≠a y me ofrecieron una refinanciacion sin haberla solicitado y resultaron cobr√°ndome gastos jur√≠dicos sin estar atrasado en mis pagos y nadie me supo dar raz√≥n de nada y me tienen bloqueada la tarjeta,Que los acesores no est√°n llamando a ofrecer planes y despu√©s est√°n haciendo cobros jur√≠dicos estando al d√≠a en sus pagos como me pas√≥ a mi y la respuesta en el banco es paga o paga
121,Segmento 1,MES 2,2,2,"Muy lentos, y no dan cr√©ditos, absurdo","Contratar personal, y dar cr√©ditos para eso sin banco"
122,Segmento 1,MES 3,1,1,"Nunca hay l√≠nea ,lo en ponen a esperar mucho a uno pero para llamar a cobrar si hay l√≠nea y hasta de sobra por q le hacen muchas llamadas a uno.",
123,Segmento 2,MES 1,3,4,"La funcionaria que me atendi√≥ fue muy atenta, pero el sistema virtual de Colpatria es poco amigable.  Tuve que desplazarme hasta una sucursal f√≠sica para solucionar mi problema de p√©rdida de mi clave y v√≠a internet y telef√≥nica fu√© imposible lograrlo.",Ten√≠a una nueva banker y no me comunicaron.  Llamaba a las anteriores y nunca obtuve respuesta ni virtual ni telef√≥nica.  En la sucursal me dieron el nombre de mi nueva banker.  Que haya mayor comunicaci√≥n con los clientes y pueda atender mis requerimientos v√≠a internet.
124,Segmento 1,MES 2,5,3,porque no era lo que pretendia yo queria un prestamo de libre inversion y e la oficina me dijeron que la informacion era un aumento en latarjeta de credito,en estos momentos acudi a otro banco
125,Segmento 1,MES 3,0,1,"En general muy mal servicio del banco. sus canles de comunicacion son dificiles de acceder, en especiales canales digitales, hacen todo imposible para que el cliente pueda comunicarse de manera virtual, los procesos y solicitudes toman demasiado tiempo. los asesores no estan bien informados y la informacion que dan se contradice con la de otros asesores.","mejorar los canales de comunicacion, hacer los procesos menos burocraticos y complicados para el cliente. que los asesores esten bien informados y capacitados. ofrecer metodos de verificacion diferentes a mensajes de texto."
126,Segmento 2,MES 1,0,1,UN BANCO DEMASIADO APROVECHADO INJUSTO CON SUS CLIENTES ATODA COSTA SIEMPRE HAY QUE PAGAR LO QUE AQUIERAN COBRAR,QUE NO LE ROBEN TAN VIL MENTE LA PLATA A SUS CLIENTES
127,Segmento 1,MES 2,1,1,Todo el d√≠a he tratado de cancelar un producto con ustedes. Al final el asesor nunca respondi√≥. Deben tener respeto por el tiempo de los dem√°s!!...Que triste!!,.... jejejeje.....no cambiar√°n!!
128,Segmento 1,MES 3,0,2,Los asesores deber√≠an tener m√°s empat√≠a,Que hagan felices a sus empleados para que no tengan mala cara
129,Segmento 2,MES 1,0,1,"necesitaba pagar la totalidad de una deuda de tarjeta de credito pues uds son los mas caros y usureros del mercado y me dieron mal la informacion de pago,",no volverme a llamar
130,Segmento 1,MES 2,3,2,El tiempo de espera es mucho y por q me dijeron q ya estaba lista mi tarjeta de cr√©dito q ya pod√≠a pasar por ella y cuando fui al banco me dicen como si nada q aun no esta,Dar mejor la informaci√≥n y un servicio m√°s r√°pido en las oficinas
131,Segmento 1,MES 3,2,3,"No me parece buena la atencion, fui a la oficina para que me pusieran a hablar por un telefono y ni me escuchaban bien. con la era digital deberian tener mejores formas de comunicarse con sus clientes.",mas opciones por la aplicacion y lineas de atencion buenas
132,Segmento 1,MES 1,0,1,Porque primero dicen que tengo un.preaprobado y voy y no es verdad,Nada
133,Segmento 1,MES 2,0,4,Nnnnn,
134,Segmento 1,MES 3,0,1,no logre solucionar mi problema y aun sigo tratando de solucionarlo,ya nada pueden hacer para atenderme mejor
135,Segmento 1,MES 1,0,1,La atenci√≥n es p√©sima dure m√°s de 2 horas y no me resolvieron el problema,No me interesa
136,Segmento 1,MES 2,5,3,No me gusto la respuesta por el cobro de intereses que me cobraron sin deber nada en la tarjeta,
137,Segmento 1,MES 3,0,5,Por q al abrir cuenta nos dieron la posibilidad de obtener otro producto,Su servicio y atenci√≥n es muy buena y eficacia
138,Segmento 1,MES 1,0,1,"La atenci√≥n es casi como el banco bbva...la diferencia es el color ...ac√° prevalece el rojo, all√° el azul.","Primordial, tener respuestas efectivas y que soluci√≥n en el problema , no creas m√°s problema"
139,Segmento 2,MES 2,5,3,Los pagos son se hacen efectivos al instante.,Mejor comunicaci√≥n
140,Segmento 2,MES 3,5,3,El banco no es ni parecido a lo que fue Citibank,
141,Segmento 1,MES 1,1,1,Me di cuenta que el banco est√° cobrando intereses a las compras que se realizan a 1 sola cuota cuando se tiene al menos 1 sola compra diferida. Realmente esto no me gust√≥ y prefiero cambiar de banco,"Continuar con la pol√≠tica donde las compras a 1 sola cuota no generen inter√©s sin importar que se tengan compras diferidas. Esto no es servicio al cliente, por el contrario es un abuso del banco"
142,Segmento 2,MES 2,1,1,Mala atenci√≥n a√∫n estoy esperando la llamada q me dijeron q me dar√≠an,Ser un poco m√°s proactivos y empaticos
143,Segmento 1,MES 3,0,1,"No obtuve una respuesta al problema que llevaba, y no me dieron una segunda opcion",Nada porque segun la persona que me atendio es imposible
144,Segmento 2,MES 1,0,1,"La amabilidad del personal es bueno , pero las posibilidades de ayuda son nada , no tienen poder de solucionar y lo env√≠an a realizar llamadas telef√≥nicas que tambi√©n son un parto de mula para dar con la persona indicada , se requiere de mucha p√©rdida de tiempo y en su gran mayor√≠a no solucionan",Que las asesoras tengan m√°s poder de solucionar y est√©n m√°s empapadas de conocer las soluciones que el cliente necesita
145,Segmento 1,MES 2,5,2,Muchas fila,Mejorar el servicio en caja
146,Segmento 1,MES 3,0,1,"De manera irregular, insuficiente, general y abstracta ofrecen tarjeta de cr√©dito por l√≠nea telef√≥nica, vulnerando la ley de habeas data del consumidor financiero; realizan cobro por concepto de cuota de manejo de tarjeta que no han sido activada, despu√©s de haber inducido en error de apreciaci√≥n al consumidor, quien adem√°s debe de realizar transacciones m√≠nimas de uso mensual, y no proceden con la cancelaci√≥n en la oficinas de dicho producto, por cuanto se ofreci√≥ y acept√≥ a trav√©s de una canal digital. Por tal raz√≥n formular√© PQRS al Defensor del Consumidor Financiero, la Superintendencia Financiera de Colombia y los organismos de vigilancia y control.","Abstenerse de utilizar las bases de datos en donde aparezca mi informaci√≥n de contacto, para ofrecer productos de la entidad bancaria. Lo anterior por cuanto se est√° vulnerando la Ley de Habeas Data del consumidor financiero."
147,Segmento 1,MES 1,2,1,Mas de media hora esperando a ser atendidos hab√≠an 2 cajeras que no atend√≠an,Mas ajilidad en la atenci√≥n
148,Segmento 1,MES 2,2,1,Buenas noches realmente tenia otro concepto del banco pero al vivirla propiamente me di cuenta q la mayoria del perdonal no le importa el cliente todos los asesores hablando por telefono hablando de sus asuntos y nosotros esperando yo estuve ahi desde las 8 y media hasta 9 y media pasadas demasiado perdeders tiempo gracias,Dedicarle tiempo al clientes y a sus necesidades buena noche
149,Segmento 1,MES 3,5,3,Porque en lo que conozco nadie quiere saber de bancos.,As√≠ es tubo bien gracias
150,Segmento 1,MES 1,0,2,Los productos,Mejor portafolio y asesoria
151,Segmento 1,MES 2,1,1,"Porque no ingresan los pagos,yo por ejemplo realise mis pagos ,junto con la tarjeta de mi se√±ora madre el d√≠a de ayer 9:45am y hoy 13 de diciembre 10:45pm.
A√∫n no ingresan los pagos y me env√≠an notas diciendo pago no exitoso.
Triste muy triste","Primero ingresar los pagos el d√≠a que se realice,.
Segundo corregir la informaci√≥n enviando un mensaje diciendo que ya ingreso el pago 
Y tercero no enviar mensajes de texto tarde de la noche ,peor a√∫n a la madrugada"
152,Segmento 2,MES 3,4,1,"* es increible lo demorado y complicado que es hacer un retiro por afc sin beneficio, no se compara con la competencia, que proceso mas anticuado. 
* hacen actualizaciones sobre la app y me bloquearon pago por pse y me toco reinstalar la app","debido a eso me toco ir hasta la sucursal y nadie supo por que no me permitia pagar por pse no hay informacion no hay solucion  
mejorar los procesos aprovechando la tecnologia que existe hoy en dia"
153,Segmento 1,MES 1,5,4,"La se√±orita que me atendi√≥ en caja fue muy amable al solucionar mi solicitud, pero el valor de retiro por d√≠a en los cajeros deber√≠a ser de un monto mayor, donde ella no me colabore me hubiera afectado.",La atenci√≥n es buena ya es un tema de politiccas
154,Segmento 1,MES 2,4,3,demasiada fila y pocas cajas atendiendo.,Han quitado 2 oficinas en Ciudad Salitre y la unica que dejaron la atenci√≥n es muy regular. Las cajas solo atienden 2.
155,Segmento 1,MES 3,2,3,El valor de la cuota de manejo de la tarjeta muy alta sin utilizarla. Cuando necesite la ayuda no me ayudaron,El personal sea atento. La cuota de manejo se cobre cuando se utilize
156,Segmento 1,MES 1,5,3,"No he podido comunicarme v√≠a telef√≥nica, me hacen tantas preguntas y al final dicen que no he pasado la prueba",Tener un asesor. V√≠a telef√≥nica que nos pueda ayudar con nuestras inquietudes
157,Segmento 1,MES 2,1,4,Tasa de inter√©s muy alta...,Bajar la tasa de interes
158,Segmento 2,MES 3,0,1,No solucionan nada,Cambiar el sistema operativo
159,Segmento 2,MES 1,0,1,Tiempo de espera muy largo solo 2 cajeros y la oficina llena,M√°s cajeros para mejorar tiempos
160,Segmento 1,MES 2,3,1,"Estoy inconforme por una informaci√≥n el cual no fue clara, el cual afecto mi econom√≠a, al ir averiguar a la oficina el asesor amablemente me explico, sin embargo v√≠a telef√≥nica no se me brindo la informaci√≥n pertinente, por lo tanto di a conocer mi inconformidad v√≠a telef√≥nica esperando tener una respuesta favorable.","Darle viabilidad a mi solicitud v√≠a telef√≥nica, actualmente tengo un radicado de la solicitud."
161,Segmento 2,MES 3,0,1,Me siento enga√±ado,"Nada, ya tengo otros bancos qu√© son muy claros con las condiciones en sus productos"
162,Segmento 3,MES 1,0,1,No hay atenci√≥n al cliente. Tuve que hablar con cinco personas hasta llegar con ‚Äúla persona asignada a mi cuenta‚Äù. Soy cliente desde hace 15 a√±os‚Ä¶..,Te re mas orientaci√≥n al cliente y rapidez de respuesta de sus empleados
163,Segmento 1,MES 2,1,1,"Las consultas con los asesores comerciales es un martirio. Ten√≠a que esperar 50 turnos para solo actualizar los datos lo cual solo llevo 5 minutos..los turnos no est√°n segmentados..√∫nicamente tienen una l√≠nea de atenci√≥n de turno, en otras oficinas hay hasta 3 variedades de turnos y as√≠ van atendiendo los requerimientos de todos... los ejecutivos o coordinadores muy mala atenci√≥n..",Segmentaci√≥n del digiturno
164,Segmento 1,MES 3,4,3,"Sigo considerando que la entidad no le da el trato que el usuario merece.  No ofrece un portafolio para tener en cuenta al cliente.  Llevo 5 a√±os con una cuenta de ahorros y nunca se me ofreci√≥ ni siquiera una tarjeta de cr√©dito.  Y cuando la solicite me la negaron.  No obstante lo anterior vincular a mi se√±ora con una cuenta de ahorros, pero a decir verdad, colpatria no me presta servicios que me permite recomendarlo.","Considerar que el cliente, con su experiencia, debe gozar de los privilegios que colpatria le puede y tenga para brindar.  Permitirle acceder al portafolio que colpatria tiene en el mercado sin dilaciones."
165,Segmento 1,MES 1,6,4,Por eficiencia,Que haya m√°s asesores
166,Segmento 2,MES 2,4,4,Atenci√≥n r√°pida,No cobrar la cuota de manejo de la tarjeta de cr√©dito si no la usa el cliente
167,Segmento 1,MES 3,5,3,Lejos de donde vivo pocas oficinas y nada de cajeros,Eso es a su criterio
168,Segmento 1,MES 1,2,5,S,
169,Segmento 1,MES 2,2,4,Porque el sistema el√©ctronico es muy malo,Mejorar sus procesos en l√≠nea y en el app
170,Segmento 2,MES 3,5,3,Todo igual,Bajar tasas interes
171,Segmento 1,MES 1,0,1,"Me toca invertir en transporte y demasiado tiempo para ir de manera presencial porque los tel√©fonos de l√≠nea de atenci√≥n no funcionan y al ir presencial NO ME AYUDA EN ABSOLUTAMENTE NADA, NO ME SOLUCION√ì MI PROBLEMA Y MI CUENTA SIGUE BLOQUEADA",Solucionar mi problema
172,Segmento 1,MES 2,3,3,"Ir a pagar 220 pesos, no da ganas de recomendaci√≥n, cuando si colocan el valor total en la √∫ltima factura, se ahorrar√≠a uno esos desplazamientos. Imag√≠nese recomendarlos, si no liquidaron todo en la √∫ltima factura. Gracias","Las personas de atenci√≥n son muy humanas, respetuosas. Ah√≠ el proceso es interno, en serio ir a pagar 220 pesos... Y pagu√© 250 y no hubo devoluci√≥n de los 30 pesos, hay si el ciudadano no les hace recibo por 30 pesos."
173,Segmento 2,MES 3,0,1,3 horas para cancelar un CDT indica p√©sima atenci√≥n.,
174,Segmento 1,MES 1,2,1,Demasiada demora en la atenci√≥n.,Organizar mejor al personal para atenci√≥n
175,Segmento 2,MES 2,6,2,Por la espera en el servicio,Pues mejorar los procedimientos
176,Segmento 1,MES 3,0,1,El servicio recibido no fue el mejor y no se resolvieron mi solicitud,Mejorar el personal capacitado para ayudar a las personas que no manejan con facilidad las app
177,Segmento 1,MES 1,2,1,Buena noche mi experiencia fue mala hab√≠an dos asesores de servicios los cuales estaban ocupados con unos ancianos y estube media hora y no fui atendido,Espero que la pr√≥xima sea mejor
178,Segmento 1,MES 2,5,2,Porque yo no pude ir personalmente y le ped√≠ el favor a mi esposo con mi c√©dula y toda mi informaci√≥n solo necesitaba que le dieran un n√∫mero telef√≥nico donde me pudiera comunicar directamente con un asesor y le dijeron que no le pod√≠an dar esa informaci√≥n,Dejarme por aqu√≠ un n√∫mero donde s√≠ me respondan y me den informaci√≥n acerca del seguro de vida que yo adquir√≠ con ustedes
179,Segmento 2,MES 3,8,5,Buena atenci√≥n,Muy poco
180,Segmento 1,MES 1,8,5,Muy buena atenci√≥n,Atenci√≥n telef√≥nica personalizada.
181,Segmento 1,MES 2,8,5,Buena atenci√≥n,Esta bien
182,Segmento 1,MES 3,8,3,Atenci√≥n,Turnos prioritarios atender m√°s pronto
183,Segmento 1,MES 1,8,5,Muy buena atenci√≥n,La atenci√≥n excelente
184,Segmento 1,MES 2,8,3,Todo normal,Asi estuvo bien
185,Segmento 1,MES 3,8,3,Buena atencion,Darme buenos descuentos en la utilizacion de tarjeta de credito.
186,Segmento 1,MES 1,8,5,Excelente atenci√≥n,
187,Segmento 2,MES 2,8,5,Buena atenci√≥n,Tener m√°s conocimiento de los servicios
188,Segmento 2,MES 3,7,3,sin comentarios,Asi est√° bien
189,Segmento 1,MES 1,8,4,Mucha demora,M√°s r√°pido
190,Segmento 1,MES 2,8,4,Servicio rapido,Darle prioridad a la tercera edad
191,Segmento 1,MES 3,8,5,Excelente servicio,Que haya sucursal en el Municipio de Bello del departamento de Antioquia.
192,Segmento 3,MES 1,8,5,Buena atencion,Esta bien
193,Segmento 2,MES 2,8,4,Atenci√≥n,Mas cajeros multibanca y horario los s√°bados
194,Segmento 1,MES 3,7,4,Buen servicio,Por el momento est√° bien
195,Segmento 1,MES 1,8,3,Muy demorada la atenci√≥n,"Los asesores se demoran mucho hay veces con un cliente, no se una forma de agilizar"
196,Segmento 1,MES 2,8,3,Demora en la atenci√≥n,M√°s personal en la atenci√≥n
197,Segmento 2,MES 3,7,3,Lo mismo de siempre,Nada
198,Segmento 2,MES 1,8,3,SIGUE IGUAL,MAS AGILIDAD EN LAS OFICINAS
199,Segmento 1,MES 2,8,5,Excelente servicio,No hacer esperar a los clientes para atenci√≥n con asesores
200,Segmento 1,MES 3,8,3,Todo igual,Esta bien
201,Segmento 1,MES 1,8,4,buena atencion,no tanto cobranzas
202,Segmento 1,MES 2,8,1,Mala atenci√≥n.,El personal no es amable ni claro en los procedimientos
203,Segmento 2,MES 3,8,3,Mucha demora en la atenci√≥n.,Atender m√°s r√°pido. Y seguramente que Uds tendr√°n en estudio otras estrategias.
204,Segmento 1,MES 1,8,3,IGUAL,Agilidad en las  y en asesoria sobre todo
205,Segmento 3,MES 2,8,5,muy buena atencion,todo muy bien
206,Segmento 1,MES 3,8,3,igual,seguir atendiendo con amabilidad
207,Segmento 1,MES 1,7,3,Por la demora en la atenci√≥n,Contratar m√°s asesores
208,Segmento 1,MES 2,8,4,Porque si,La atenci√≥n es buena
209,Segmento 2,MES 3,8,4,Buen servicio,
210,Segmento 1,MES 1,8,4,Rapidez en la atenci√≥n,Por ahora no veo otra alternativa. Gracias
211,Segmento 1,MES 2,8,2,Muy demorado el servicio,"Que atiendan todos los Cajeros, solo estaban atendiendo dos Cajero y hab√≠a mucha gente"
212,Segmento 1,MES 3,8,4,,
213,Segmento 1,MES 1,8,3,Demora en la atenci√≥n,Trabajar para tener soluciones y no tanta demora en las oficinas
214,Segmento 1,MES 2,8,5,Buena atenci√≥n,"Tener una caja especial
Para las personas de la tercera edad"
215,Segmento 1,MES 3,7,3,Excelente servicio,Vuelvan abrir un sucursal de oficina en soacha
216,Segmento 1,MES 1,8,3,Todo bien,Disminuir la tasa de inter√©s
217,Segmento 1,MES 2,7,5,Servicio,
218,Segmento 1,MES 3,8,4,Muy demorado la atenci√≥n,Amabilidad
219,Segmento 2,MES 1,8,4,Buen servicio,M√°s rapidez
220,Segmento 2,MES 2,8,4,Atenci√≥n r√°pida,Un cajero de dep√≥sitos en dosquebradas risaralda
221,Segmento 2,MES 3,8,5,Por la atenci√≥n,Todo bien
222,Segmento 2,MES 1,8,3,Intereses muy caros,Tasas m√°s accesibles
223,Segmento 2,MES 2,8,3,Buen servicio,Continuar con el buen servicio
224,Segmento 1,MES 3,8,5,Excelente atenci√≥n,Mejorar tiempos de respuesta
225,Segmento 1,MES 1,8,5,Buena atencion,Todo est√° bien
226,Segmento 1,MES 2,7,1,Demora en atenci√≥n,Tener m√°s asesores disponibles para los clientes y as√≠ mismo agilizar los procesos tanto en caja como en oficina
227,Segmento 1,MES 3,8,5,Me atendieron bien,Q la atenci√≥n sea m√°s rapida
228,Segmento 1,MES 1,8,4,Buena Atencion,Mas Oficinas
230,Segmento 2,MES 3,7,4,Buena atenci√≥n,Lo est√°n haciendo bien
231,Segmento 1,MES 1,8,4,Buena atenci√≥n,Est√° bien
232,Segmento 1,MES 2,8,3,Muy demorado,Dar respuesta inmediata sin tantos rodeos
233,Segmento 1,MES 3,8,5,Buena atenci√≥n,Ok
234,Segmento 1,MES 1,8,5,R√°pida atenci√≥n,Enviar oportunamente mi estracto por email. Y no acelerar pagos por 5 d√≠as en mora
235,Segmento 2,MES 2,7,1,Muy demorada la atenci√≥n,
236,Segmento 1,MES 3,8,5,buena atenci√≥n,bien.gracias
237,Segmento 1,MES 1,8,3,Todo normal,
238,Segmento 1,MES 2,7,3,Demorada la atenci√≥n,Poder hacer estos tr√°mites en l√≠nea
239,Segmento 2,MES 3,8,5,Excelente servicio,M√°s asesores o cajeros
240,Segmento 1,MES 1,8,5,Buen servicio,
241,Segmento 2,MES 2,8,5,Buena atenci√≥n,
242,Segmento 1,MES 3,8,4,Buen servicio,Nada
243,Segmento 1,MES 1,8,5,Excelente atenci√≥n,
244,Segmento 1,MES 2,8,4,Buena atenci√≥n,Todo bien
245,Segmento 1,MES 3,8,4,La atenci√≥n,Q hayan m√°s personas atendiendo
246,Segmento 1,MES 1,8,4,Por la atenci√≥n,"Que los asesores que sean m√°s r√°pidos  en atender los clientes,aveces pasan m√°s de 40 minutos y no pasan los turnos que est√°n en espera"
247,Segmento 1,MES 2,7,4,N/a,
248,Segmento 2,MES 3,8,3,Buen servicio,Tener mas personal de atenci√≥n en horas del mediod√≠a
249,Segmento 1,MES 1,7,5,Si,"No, realmente fue oportuna la ayuda del asistente"
250,Segmento 1,MES 2,8,3,Sin comentarios,La atenci√≥n es muy buena
251,Segmento 1,MES 3,8,3,Todo fue normal,Demasiada gente y la fila larga mucha demora y se pierde tiempo.
252,Segmento 1,MES 1,8,5,Buena atenci√≥n,Tener agua al servicio hacen muchas calores en lo que se espera que lo atiendan
253,Segmento 1,MES 2,8,3,Muy demorada la atenci√≥n,M√°s personal
254,Segmento 2,MES 3,8,5,La atenci√≥n fue r√°pida,Todo est√° bien
255,Segmento 2,MES 1,8,3,No me resolvieron,Resolver las inquietudes de manera inmediata
256,Segmento 1,MES 2,8,3,Todo igual,I
257,Segmento 1,MES 3,8,3,Na,
258,Segmento 2,MES 1,8,4,Buen servicio,
259,Segmento 3,MES 2,7,5,Buena atenci√≥n,
260,Segmento 1,MES 3,7,4,Si,M√°s asesores
261,Segmento 1,MES 1,8,3,por nada,que otra persona pueda ir a pagar tu tarjeta
262,Segmento 2,MES 2,8,5,Buena atenci√≥n,Todo bien
263,Segmento 1,MES 3,8,4,Atenci√≥n r√°pida,M√°s cajeros
264,Segmento 1,MES 1,8,5,Buen servicio,Nada
265,Segmento 1,MES 2,8,5,Buen servicio,Todo est√° bien
266,Segmento 1,MES 3,8,3,Todo igual,Descongestionar un poco las ventanillas de asesor√≠a
267,Segmento 1,MES 1,8,5,Servicio,
268,Segmento 1,MES 2,8,3,No se,
269,Segmento 1,MES 3,8,3,Sigue igual,Mejor atenci√≥n posible
270,Segmento 1,MES 1,7,3,Buena atencion,Seguir asi
271,Segmento 2,MES 2,8,4,me atendieron r√°pido,Por ahora esta bien asi
272,Segmento 1,MES 3,8,5,Atenci√≥n r√°pida,Estoy satisfecho
273,Segmento 1,MES 1,8,5,Por la atenci√≥n,Nada porque todo est√° bien
274,Segmento 1,MES 2,8,3,n.a,mejorar la banca virtual
275,Segmento 2,MES 3,7,5,BUENA ATENCION,
276,Segmento 1,MES 1,7,3,Mucha demora,
277,Segmento 2,MES 2,8,5,Excelente atenci√≥n,Por ahora creo est√° bien
278,Segmento 1,MES 3,8,3,Buen servicio,Todo es correcto. Es la forma de atenci√≥n bancaria y dif√≠cilmente se puede cambiar.
279,Segmento 1,MES 1,7,4,MUCHA DEMORA,MAS CAJEROS
280,Segmento 1,MES 2,8,4,Servicio,Atencion prioritaria adulto mayor
281,Segmento 1,MES 3,8,5,Buena atenci√≥n,
282,Segmento 2,MES 1,7,3,todo normal,mucha demora
283,Segmento 1,MES 2,8,5,Muy buena atencion,
284,Segmento 1,MES 3,7,1,Demora en la atenci√≥n,Agilizar la atenci√≥n
285,Segmento 1,MES 1,7,5,Excelente servicio,Mejorar atenci√≥n al cliente por la l√≠nea telef√≥nica
286,Segmento 2,MES 2,7,3,na,Estar mas atentos a lo que necesita el cliente.
287,Segmento 1,MES 3,7,2,Muy demorado el servicio,Agilidad en la atenci√≥n al p√∫blico
288,Segmento 1,MES 1,8,2,Muy demorada la atencion,Tener mas asesores para atender mas √°gilmente.
289,Segmento 1,MES 2,8,5,Buena atenci√≥n,Tener m√°s medios de comunicaci√≥n
290,Segmento 2,MES 3,8,4,Por la atenci√≥n,Sigan as√≠
291,Segmento 1,MES 1,8,5,Buena atencion,Su atencion es buena
292,Segmento 1,MES 2,8,5,Buen servicio,M√°s agilidad
293,Segmento 1,MES 3,7,5,Muy buena atenci√≥n,"Creo que tienen muy buena atenci√≥n al cliente, as√≠ est√° perfecto"
294,Segmento 2,MES 1,8,3,Sigue igual,
295,Segmento 2,MES 2,8,3,Sin comentarios.,Sin comentarios.
296,Segmento 1,MES 3,8,5,Fue rapido,"Que funcionen los cajeros, porque hay pocos y no sirven"
297,Segmento 2,MES 1,7,3,Sin comentarios,"Si ya llamaron para recordar una deuda en la ma√±ana y se les dice que en tres d√≠as pagar√© porque estoy de viaje en actividades de trabajo, que sentido tiene que al d√≠a siguiente llamen dos o tres veces m√°s para lo mismo...."
298,Segmento 1,MES 2,8,5,Me atendieron bien,Nada
299,Segmento 1,MES 3,8,5,Agilidad en la atenci√≥n,Mejorar la atenci√≥n en la oficina de unicentro
300,Segmento 1,MES 1,8,3,Demora en la atenci√≥n,Que atiendan todos m√≥dulos de caja o den turno al adulto mayor
301,Segmento 1,MES 2,8,5,La atenci√≥n fue r√°pida,Todo estuve a tiempo a pesar de que hab√≠a mucha gente
302,Segmento 2,MES 3,8,3,Mucha demora,Mejor servicio al cliente
303,Segmento 1,MES 1,7,3,Mucha demora,
304,Segmento 1,MES 2,7,4,por que si,porque si
305,Segmento 1,MES 3,8,4,Atenci√≥n,Cupo
306,Segmento 2,MES 1,8,5,Buena atenci√≥n,Seguir siendo amables
307,Segmento 1,MES 2,7,3,No hubo soluci√≥n,Dar soluci√≥n
308,Segmento 1,MES 3,7,5,Buena atenci√≥n,"Los tiempo sean menores ,para activar todo los servicios"
309,Segmento 1,MES 1,8,4,Buen servicio,
310,Segmento 1,MES 2,7,5,Excelente atenci√≥n,Fue excelente
311,Segmento 1,MES 3,8,3,,Personalizado
312,Segmento 2,MES 1,8,3,TODO NORMAL,PIENSO QUE POR AHORA TODO BIEN.
313,Segmento 1,MES 2,8,4,Buena atencion,Ofrecer credito
314,Segmento 1,MES 3,7,3,Mucha demora,M√°s empleados
315,Segmento 1,MES 1,8,3,Me atendieron r√°pido,M√°s personal en servicio al cliente
316,Segmento 1,MES 2,8,5,Buena atenci√≥n,Excelente
317,Segmento 1,MES 3,8,3,Na,Na
318,Segmento 1,MES 1,8,4,La atenci√≥n fue buena,No tengo comentarios
319,Segmento 1,MES 2,8,5,La atenci√≥n fue buena,Nada
320,Segmento 1,MES 3,8,4,Buena atenci√≥n,
321,Segmento 1,MES 1,8,5,Buena atenci√≥n,Mejorar la atenci√≥n personal no virtual
322,Segmento 1,MES 2,8,5,Servicio rapido,
323,Segmento 1,MES 3,8,3,Igual todo,
324,Segmento 1,MES 1,8,5,Atenci√≥n amable y efectiva,no tengo propuesta
325,Segmento 1,MES 2,7,3,Demora en la atenci√≥n,Que el personal sea m√°s comprometido
326,Segmento 1,MES 3,7,3,Muy demorada la atencion,Mirar c√≥mo poder agilizar la atencion
327,Segmento 1,MES 1,7,5,Excelente servicio,Agilizar m√°s los turnos
328,Segmento 1,MES 2,8,3,Muy lento el servicio,"Aumentar n√∫mero de empleados, m√°s rapidez para mejorar el servicio al cliente."
329,Segmento 1,MES 3,8,3,Igual todo,Capacitar al personal........para que atiendan MEJOR A LOS CLIENTES
330,Segmento 1,MES 1,8,5,Buena atenci√≥n,El servicio es muy bueno
331,Segmento 2,MES 2,8,5,Atenci√≥n,
332,Segmento 2,MES 3,8,5,BUENA ATENCION,
333,Segmento 1,MES 1,8,3,Muy demorada la atenci√≥n,Colocar m√°s asesores capacitados
334,Segmento 1,MES 2,8,5,Atenci√≥n,Una oficina cerca a Normand√≠a.. Villaluz
335,Segmento 1,MES 3,7,4,Me atendieron r√°pido,Fui con mi beb√© en brazos. Darle prioridad a  las madres
336,Segmento 1,MES 1,8,2,la demora en la atenci√≥n,m√°s cajeros
337,Segmento 1,MES 2,7,3,Todo igual,Que me activen la tarjeta de cr√©dito.
338,Segmento 1,MES 3,8,3,Todo igual,Todo bien
339,Segmento 2,MES 1,10,5,Buen servicio,
340,Segmento 1,MES 2,10,5,Excelente atenci√≥n,Todo esta bien
341,Segmento 2,MES 3,10,5,Atenci√≥n,Mas asesores iniciando la jornada
342,Segmento 1,MES 1,10,5,si,
343,Segmento 2,MES 2,10,5,Buena atenci√≥n,"Quitar de mi cuenta un cobro de 22,900 que me aparece por cuenta protegida y yo jam√°s he autorizado.
 gracias"
344,Segmento 1,MES 3,9,5,Buena atenci√≥n,El proceso de  asesor√≠a
345,Segmento 1,MES 1,10,5,Muy buena atenci√≥n,La atenci√≥n fue muy buena
346,Segmento 1,MES 2,10,5,Excelente servicio,.
347,Segmento 1,MES 3,9,5,buen servicio,cajero autom√°ticos que reciban efectivo
348,Segmento 2,MES 1,10,5,Excelente servicio,Viene haciendo bien
349,Segmento 2,MES 2,9,3,Buen servicio,Bajar tasas de inetreses
350,Segmento 1,MES 3,10,5,Buena atenci√≥n,Est√° perfecto
351,Segmento 1,MES 1,10,3,Todo igual,
352,Segmento 1,MES 2,10,5,Buena atenci√≥n,Ser amables con los usuarios
353,Segmento 1,MES 3,10,5,Muy buena atenci√≥n,Todo muy bien
354,Segmento 1,MES 1,10,3,Todo normal,
355,Segmento 1,MES 2,10,5,Excelente atenci√≥n,Continuar con la mejor atenci√≥n al cliente
356,Segmento 1,MES 3,9,5,Buena atenci√≥n,
357,Segmento 1,MES 1,10,5,Excelente atenci√≥n,M√°s rapidez para la atenci√≥n
358,Segmento 1,MES 2,10,4,Buena atenci√≥n,"Tener oficina en el norte ese la ciudad, me toca desplazarme desde muy lejos para ir a una oficina en Medell√≠n"
359,Segmento 1,MES 3,10,5,Muy buena atenci√≥n,
360,Segmento 1,MES 1,10,5,Excelente servicio,Atenci√≥n Excelente
361,Segmento 1,MES 2,10,5,Si,
362,Segmento 1,MES 3,10,5,,
363,Segmento 1,MES 1,10,5,Muy buena atenci√≥n,Una sugerencia seria aumentar el n√∫mero de ascesores
364,Segmento 1,MES 2,10,5,Muy buena atenci√≥n,Todo est√° bien
365,Segmento 2,MES 3,10,5,Excelente atenci√≥n,
366,Segmento 1,MES 1,10,3,excelente atencion,mejorar el tiempo
367,Segmento 3,MES 2,10,3,Excelente servicio,Gestionar m√°s cajeros
368,Segmento 1,MES 3,9,3,Igual,Est√° bien
369,Segmento 1,MES 1,9,4,Por la demora,
370,Segmento 2,MES 2,10,3,Todo bien,
371,Segmento 2,MES 3,10,5,Buen servicio,M√°s cajeros
372,Segmento 1,MES 1,10,5,Buena atenci√≥n,Tener mas sillas de espera
373,Segmento 2,MES 2,9,4,Sigue igual,Servicio al cliente m√°s r√°pido con asesor.
374,Segmento 1,MES 3,9,5,Atenci√≥n,M√°s empleados
375,Segmento 2,MES 1,10,5,Excelente atenci√≥n,Continuar con la excelencia
376,Segmento 1,MES 2,10,3,,Esta todo bien
377,Segmento 1,MES 3,10,5,Excelente servicio,M√°s ampliazon de productos
378,Segmento 1,MES 1,10,5,Buen servicio,
379,Segmento 2,MES 2,10,5,Buena atenci√≥n,Aligerar las consultas
380,Segmento 1,MES 3,9,5,Todo bien,Hasta ahora todo ah funcionado s√∫per
381,Segmento 1,MES 1,10,5,Buena atenci√≥n,Seguir atendiendo bien
382,Segmento 1,MES 2,10,5,Buena atenci√≥n,Sostener horarios
383,Segmento 1,MES 3,10,5,Buena atencion,Nada hay esta bien
384,Segmento 1,MES 1,10,5,Muy buena atenci√≥n,
385,Segmento 1,MES 2,10,3,Todo igual,Siempre la atenci√≥n es buena
386,Segmento 2,MES 3,9,5,Buena atenci√≥n,No gracias
387,Segmento 2,MES 1,10,5,excelente atencion,
388,Segmento 2,MES 2,10,4,excelente atencion,
389,Segmento 1,MES 3,10,5,Excelente servicio,Todo es excelente
390,Segmento 1,MES 1,10,5,Excelente atenci√≥n,La atenci√≥n fue excelente
391,Segmento 1,MES 2,9,5,Buena atenci√≥n,
392,Segmento 1,MES 3,10,5,Atenci√≥n r√°pida,
393,Segmento 1,MES 1,10,5,Excelente atenci√≥n,Satisfecho
394,Segmento 2,MES 2,10,5,Todo bien,No. Todo est√° bien
395,Segmento 2,MES 3,10,5,La atencion es rapida,Ninguna
396,Segmento 1,MES 1,10,5,Excelente atenci√≥n,Todo fue perfecto
397,Segmento 1,MES 2,10,5,Buen servicio,Todoesta bien
398,Segmento 1,MES 3,10,5,Buen trato,Seguir igual
399,Segmento 1,MES 1,10,5,Muy buena atenci√≥n,Personal con talento humano que le interese las personas
400,Segmento 1,MES 2,10,5,Servicio,Ampliar coberturas
401,Segmento 1,MES 3,10,5,Muy buena atenci√≥n,Tal vez
402,Segmento 1,MES 1,10,5,Excelente atenci√≥n,Seguir adelante
403,Segmento 1,MES 2,10,5,Excelente servicio,Ampliar oficinas en Manizales
404,Segmento 1,MES 3,9,5,Buena atenci√≥n,Ok
405,Segmento 1,MES 1,10,5,Buena atenci√≥n,No cambiar
406,Segmento 1,MES 2,10,5,Me atendieron bien,Mejorar el manejo del personal entrante
407,Segmento 1,MES 3,10,5,Buena atenci√≥n,ampliar el horario de la sucursal virtual o App
408,Segmento 1,MES 1,9,4,Buen servicio,Por el momento est√° bien
409,Segmento 1,MES 2,10,5,Buena atencion,
410,Segmento 2,MES 3,10,5,Buena atenci√≥n,Esta s√∫per c√≥mo est√°
411,Segmento 2,MES 1,9,5,Excelente servicio,
412,Segmento 1,MES 2,9,3,Igual,No aplica
413,Segmento 1,MES 3,10,5,Excelente atenci√≥n,Todo ok
414,Segmento 1,MES 1,10,5,Excelente servicio,Hasta ahora todo bien
415,Segmento 1,MES 2,10,5,Excelente servicio,Todo est√° perfecto
416,Segmento 1,MES 3,10,5,Excelente servicio,La verdad quede muy satisfecha
417,Segmento 1,MES 1,10,4,Muy buena atenci√≥n,
418,Segmento 1,MES 2,10,5,Buen servicio,Todo est√° bien
419,Segmento 1,MES 3,10,5,Buen servicio,Estoy satisfecha
420,Segmento 1,MES 1,9,4,La atenci√≥n fue r√°pida,Poner m√°s sedes
421,Segmento 1,MES 2,10,5,Buena atenci√≥n,Todo esta bien
422,Segmento 2,MES 3,9,3,Igual,Mas cajeros
423,Segmento 1,MES 1,10,3,Sin comentarios,Me gustar√≠a tener m√°s puntos de atenci√≥n
424,Segmento 1,MES 2,10,5,Excelente atenci√≥n,
425,Segmento 1,MES 3,10,5,Excelente atenci√≥n,No todo es perfecto
426,Segmento 1,MES 1,9,5,excelente atencion,
427,Segmento 1,MES 2,9,4,ok,ok
428,Segmento 2,MES 3,10,5,Excelente atenci√≥n,Conservar el nivel de servicio
429,Segmento 1,MES 1,10,5,Buena atenci√≥n,Todo est√° perfecto
430,Segmento 2,MES 2,10,5,Buena atenci√≥n,El sistema funciona muy bien
431,Segmento 1,MES 3,10,5,EXCELENTE ATENCION,SEGUIR CON LA EXCELENTE ATENCION
432,Segmento 1,MES 1,10,5,Buen servicio,Est√° bien
433,Segmento 1,MES 2,10,5,Buena atenci√≥n,
434,Segmento 2,MES 3,9,5,Buena atenci√≥n,As√≠ est√° bien
435,Segmento 1,MES 1,10,3,Todo igual,estuve bien atendida
436,Segmento 1,MES 2,10,5,Muy buena atenci√≥n,Que atiendan r√°pido. Para poder llegar a la caja ligero
437,Segmento 1,MES 3,10,3,X,X
438,Segmento 1,MES 1,10,5,Buena atenci√≥n,
439,Segmento 1,MES 2,10,5,Excelente atencion,
440,Segmento 1,MES 3,10,5,Excelente atenci√≥n,Gracias. Fue oportuno
441,Segmento 1,MES 1,10,5,Buen servicio,Sin comentarios
442,Segmento 1,MES 2,9,5,Por la atenci√≥n,
443,Segmento 1,MES 3,10,3,Sin comentarios,"Da igual, nada va a cambiar, esta encuesta es solo tramite,"
444,Segmento 1,MES 1,10,5,Buen servicio,Mejorar la atenci√≥n virtual
445,Segmento 1,MES 2,10,3,N,Muy buena experiencia conocer los grandes beneficios y el buen trat√≥
446,Segmento 1,MES 3,10,5,Excelente servicio,
447,Segmento 1,MES 1,10,3,Todo normal,Asignar citas electronicas
448,Segmento 1,MES 2,10,3,Excelente servicio,Estoy satisfecho
449,Segmento 1,MES 3,9,5,Muy buena atencion,
450,Segmento 2,MES 1,10,5,Muy buena atenci√≥n,Todo bien
451,Segmento 1,MES 2,9,5,Excelente atenci√≥n,Todo muy bien
452,Segmento 1,MES 3,10,5,Buena atenci√≥n,Quiero renunciar al seguro. Para no pagar ese dinero..
453,Segmento 2,MES 1,10,5,Excelente atenci√≥n,Todo est√° bien
454,Segmento 3,MES 2,10,5,Buen servicio,Seguir con  la atenci√≥n eficiente
455,Segmento 1,MES 3,10,5,Buen servicio,
456,Segmento 1,MES 1,9,5,Por la atenci√≥n,Mejorar los tiempos de atencion
457,Segmento 1,MES 2,10,5,Excelente atenci√≥n,Tener m√°s puntos de pago
458,Segmento 1,MES 3,10,4,Buena atenci√≥n,"Sincronizar la informaci√≥n de los datos de las llamadas, con las de las oficinas"
459,Segmento 1,MES 1,9,5,Buena atenci√≥n,Seguir con sus buenos principios de valores y dedicaci√≥n al cliente
460,Segmento 1,MES 2,10,1,Muy buena atenci√≥n,Seguir c√≥mo est√°
461,Segmento 1,MES 3,10,5,Buena atenci√≥n,Mucha cordialidad
462,Segmento 1,MES 1,10,1,Buena atencion,Todo esta bin
463,Segmento 1,MES 2,10,5,Buena atencion,
464,Segmento 1,MES 3,10,5,La atenci√≥n,Qu√© la l√≠nea sea m√°s rapida
465,Segmento 1,MES 1,10,5,Muy buena atencion,Todo est√° bn
466,Segmento 2,MES 2,10,5,Atenci√≥n,
467,Segmento 1,MES 3,10,5,Excelente atenci√≥n,Contratar otra igual muy eficiente
468,Segmento 1,MES 1,10,3,Todo normal,Todo est√° bien
469,Segmento 1,MES 2,10,5,Muy buena atencion,Todo fue una buena atencion
470,Segmento 1,MES 3,10,5,Buena atenci√≥n,
471,Segmento 1,MES 1,10,5,Por la atenci√≥n,Acortar el tiempo de espera
472,Segmento 2,MES 2,10,5,Buena atenci√≥n,Cajeros autom√°ticos que reciban consignaci√≥niones en Armenia Quind√≠o
473,Segmento 1,MES 3,9,4,Buena atencion,Nada
474,Segmento 1,MES 1,10,5,Excelente servicio,
475,Segmento 1,MES 2,10,5,Excelente atencion,Todo est√° bien
476,Segmento 1,MES 3,10,5,Excelente servicio,Excelente
477,Segmento 2,MES 1,10,5,EXCELENTE ATENCION,
478,Segmento 2,MES 2,10,5,Buena atencion,
479,Segmento 1,MES 3,10,5,BUENA ATENCI√ìN,
480,Segmento 1,MES 1,9,5,Buena atencion,
481,Segmento 1,MES 2,10,5,Excelente atenci√≥n,As√≠ esta muy bn
482,Segmento 1,MES 3,10,5,Buen servicio,Na
483,Segmento 1,MES 1,10,5,Muy buena atenci√≥n,Seguir as√≠
484,Segmento 1,MES 2,10,1,Excelente servicio,No
485,Segmento 1,MES 3,10,5,Buen servicio,Esta bien todo lo que brindan
486,Segmento 1,MES 1,10,5,Excelente atenci√≥n,O k
487,Segmento 1,MES 2,10,5,Muy buena atenci√≥n,No cerrar oficinas de siete de agosto y Galer√≠a Bogot√°
488,Segmento 1,MES 3,10,5,buena atencion,esta todo muy bien
489,Segmento 1,MES 1,10,5,Buen servicio,M√°s funcionarios para atender
490,Segmento 1,MES 2,10,5,buena atenci√≥n,esta todo bien
491,Segmento 2,MES 3,10,5,Excelente atenci√≥n,Todo muy bien
492,Segmento 1,MES 1,10,5,Excelente servicio,M√°s cajeros depronto
493,Segmento 1,MES 2,10,5,Excelente servicio,
494,Segmento 1,MES 3,10,5,Excelente atenci√≥n,Tener caf√© para los clientes
495,Segmento 1,MES 1,10,5,excelente atenci√≥n,
496,Segmento 1,MES 2,10,5,Muy buena atenci√≥n,
497,Segmento 1,MES 3,10,5,Buena atencion,Seguir igual
498,Segmento 2,MES 1,10,5,excelente atencion,no cambiar
499,Segmento 1,MES 2,10,5,Excelente atenci√≥n,"Considero que as√≠ esta muy bien. 
Gracias"
500,Segmento 1,MES 3,10,5,Excelente servicio,"No pude crear la cuenta por la app y como no era cliente no me atendieron por telefono, me tuve que desplazar hasta la oficina, ojala mejoraran eso."
501,Segmento 1,MES 1,10,5,Excelente servicio,
502,Segmento 1,MES 2,10,5,Excelente servicio,Dar obsequios
503,Segmento 1,MES 3,10,5,Excelente servicio,
504,Segmento 3,MES 1,10,5,Excelente atencion,Disminuir las tazas de interes en los prestamos
505,Segmento 2,MES 2,10,5,Buena atenci√≥n,Brindar un tintico
506,Segmento 1,MES 3,10,5,buen servicio,nada esta muy bien
507,Segmento 1,MES 1,10,5,Muy buena atenci√≥n,
508,Segmento 1,MES 2,10,4,Sigue igual,Me p√°rese muy buena la atenci√≥n como esta
510,Segmento 1,MES 1,10,5,BUENA ATENCION,
511,Segmento 1,MES 2,10,5,Excelente atencion,Todo esta muy bien
512,Segmento 1,MES 3,10,5,Buena atenci√≥n,
513,Segmento 2,MES 1,10,3,es igual,menos reunion
514,Segmento 1,MES 2,10,5,Buen servicio,
515,Segmento 1,MES 3,10,5,Excelente servicio,
516,Segmento 1,MES 1,10,5,Buena atencion,Esta bien
517,Segmento 1,MES 2,10,5,Muy buena atenci√≥n,Estan muy bien c√≥mo est√°n
518,Segmento 1,MES 3,10,3,no estuve en ninguna oficina,as√≠ esta bien
519,Segmento 1,MES 1,10,5,Excelente servicio,Mantener funcionarios as√≠ en servicio al cliente
520,Segmento 1,MES 2,10,5,Muy buena atenci√≥n,Me gustar√≠a saber cu√°ntas son las compras q debe hacer mensualmente para evitar el pago del manejo de la tarjeta
521,Segmento 1,MES 3,10,5,excelente atencion,
522,Segmento 1,MES 1,10,5,Muy buena atencion,
523,Segmento 1,MES 2,10,5,Excelente servicio,Ninguna
524,Segmento 2,MES 3,10,5,excelente atenci√≥n,parmi todo est√° bien
525,Segmento 1,MES 1,9,4,La atenci√≥n,
526,Segmento 1,MES 2,9,5,,
527,Segmento 3,MES 3,10,5,Muy buena atenci√≥n,Seguir igual
528,Segmento 1,MES 1,10,5,Buena atencion,"Solicite se me expida una poliza de asistencia medica en viaje internacional, me gustaria me den respuesta lo  mas pronto posible."
529,Segmento 1,MES 2,9,5,Buen servicio,Oficinas en chia cundinamarca
530,Segmento 1,MES 3,9,5,Buena atencion,No aplica
531,Segmento 1,MES 1,10,5,Buen servicio,
532,Segmento 1,MES 2,9,3,Fue virtual,Quiza m√†s soluciones a Colombianos en el exterior
533,Segmento 1,MES 3,10,3,No,Todo bien
534,Segmento 1,MES 1,10,3,me atendieron bien,una tarjeta de credito que no me cobre manejo
535,Segmento 1,MES 2,10,5,Excelente servicio,No  cero que est√°n bien üëç
536,Segmento 1,MES 3,10,5,Excelente servicio,Seguir igual
537,Segmento 1,MES 1,10,4,Ok,En algunas oficinas faltan acesores
538,Segmento 1,MES 2,10,5,Excelente atenci√≥n,
539,Segmento 1,MES 3,10,5,Bien,Nada
540,Segmento 1,MES 1,9,5,por la atenci√≥n,mejorar el servicio de cajeros electr√≥nicos.
541,Segmento 1,MES 2,10,5,Excelente servicio,Por ahora aumentar el n√∫mero de asesores
542,Segmento 1,MES 3,10,5,Me atendieron r√°pido,No se me ocurre nada
543,Segmento 1,MES 1,9,5,Buen servicio,
544,Segmento 1,MES 2,9,5,buena atencion,abrir otra oficina en el norte de la ciudad de Tunja
545,Segmento 1,MES 3,10,5,Buen servicio,Todo bien
546,Segmento 1,MES 1,9,5,Excelente servicio,S√∫per bien
547,Segmento 1,MES 2,10,5,X,X
548,Segmento 2,MES 3,10,5,Buena atencion,
549,Segmento 1,MES 1,10,4,Buen servicio,M√°s cajeros
550,Segmento 1,MES 2,9,5,Buena Atenci√≥n,Esta bien
551,Segmento 1,MES 3,10,3,Todo bien,Muy buena la a atenci√≥n
552,Segmento 1,MES 1,10,5,Fui bien atendido,As√≠ van bien gracias
553,Segmento 1,MES 2,10,5,Muy buena atenci√≥n,
554,Segmento 1,MES 3,10,4,No me dieron soluci√≥n,Solucionarme
555,Segmento 1,MES 1,9,4,Buen servicio,No todo estuvo bien
556,Segmento 1,MES 2,10,5,Muy buena atenci√≥n,M√°s rapides
557,Segmento 1,MES 3,10,5,R√°pida atenci√≥n,M√°s cajeros en la ciudad
558,Segmento 1,MES 1,9,5,Excelente servicio,
559,Segmento 1,MES 2,9,5,Atenci√≥n,Quiz√°s el asesor se encontraba con otro tema al tiempo
560,Segmento 2,MES 3,10,5,Excelente atenci√≥n,
561,Segmento 1,MES 1,9,3,Todo igual,He sido bien atendida
562,Segmento 1,MES 2,10,5,Buena atenci√≥n,Horarios y m√°s cajeros
563,Segmento 2,MES 3,10,5,Excelente atenci√≥n,Mantener la calidad de servicio y felicitar al asesor: don de gente!!
564,Segmento 2,MES 1,10,5,Muy buena atenci√≥n,No tengo sugerencias
565,Segmento 1,MES 2,10,5,Muy buena atencion,Est√° bien asi
566,Segmento 1,MES 3,10,5,Buena atenci√≥n,Seguir
567,Segmento 1,MES 1,10,5,Atenci√≥n,Esta bien para mi
568,Segmento 2,MES 2,10,5,La atenci√≥n,Excelente
569,Segmento 1,MES 3,10,5,Excelente atenci√≥n,Todo bien
570,Segmento 1,MES 1,10,5,Excelente servicio,Todo est√° bien
571,Segmento 1,MES 2,10,5,Muy buena atenci√≥n,Est√° muy bien as√≠
572,Segmento 1,MES 3,10,3,Todo normal,Nada todo bien
573,Segmento 1,MES 1,10,5,Excelente atenci√≥n,
574,Segmento 1,MES 2,10,5,Excelente atenci√≥n,Todo es excelente
575,Segmento 1,MES 3,10,5,Buena atenci√≥n,No.  Me siente bien agendida
576,Segmento 1,MES 1,10,4,Buena atenci√≥n,me atendieron muy bien
577,Segmento 1,MES 2,10,5,Muy buena atenci√≥n,Por el momento nada me he sentido bien
578,Segmento 1,MES 3,10,5,Muy buena atenci√≥n,F√°cil en tema de transacciones
579,Segmento 1,MES 1,10,5,Buena atenci√≥n,Nada muchas gracias
580,Segmento 1,MES 2,9,4,Buena atenci√≥n,"Se dificulta la app, la siento complicada"
581,Segmento 1,MES 3,10,5,Muy buena atencion,
582,Segmento 1,MES 1,9,5,Muy buena atenci√≥n,Para mi nada todo esta bien siempre que boy al banco
583,Segmento 1,MES 2,10,5,MUY BUENA ATENCION,CONTINUAR NO DESMEJORAR
584,Segmento 2,MES 3,9,5,Excelente servicio,Ubicar m√°s cajeros autom√°ticos en Valledupar
585,Segmento 1,MES 1,10,5,Buena atenci√≥n,
586,Segmento 2,MES 2,10,5,Buena atencion,todo ok
587,Segmento 2,MES 3,10,5,Buen servicio,
588,Segmento 1,MES 1,10,5,Excelente atenci√≥n,
589,Segmento 1,MES 2,10,5,Muy buena atenci√≥n,
590,Segmento 2,MES 3,10,5,La atenci√≥n,Bajar intereses
591,Segmento 1,MES 1,10,5,Buena atencion,En asesores aumentar el personal para mejor atenci√≥n.
592,Segmento 1,MES 2,10,5,excelente atencion,Continuar con la amabilidad
593,Segmento 1,MES 3,9,5,Porque si,Hacer m√°s f√°cil la comunicaci√≥n con serv al cliente
594,Segmento 1,MES 1,10,4,BUENA ATENCION,MENOS CONGESTION
595,Segmento 1,MES 2,10,5,BUENA ATENCION,"TENER MAS ASESORES, SOLO TIENEN 2 Y UNO SIEMPRE ESTA FUERA DE SERVICIO"
596,Segmento 1,MES 3,10,5,Muy buena atenci√≥n,Tener m√°s en cuenta a los tercera edad
597,Segmento 1,MES 1,10,5,Excelente atenci√≥n,
598,Segmento 1,MES 2,10,5,Muy buena atencion,De acuerdo al flujo de p√∫blico utilizar m√°s personal de servicio al cliente
599,Segmento 1,MES 3,10,5,Buena atenci√≥n,Por el momento tener m√°s cupo gracias
600,Segmento 1,MES 1,10,5,Servicio,"No llamar a ofrecer producto. Con el tema se inseguridad, es mejor tener 
Una semana para que el cliente pase a las oficinas y revise que se ofrece."
601,Segmento 1,MES 2,9,5,Rapidez en la atenci√≥n,
602,Segmento 1,MES 3,10,3,normal la atencion,
604,Segmento 1,MES 2,10,5,Buen trato,Todo ha Sido favorable
605,Segmento 1,MES 3,9,5,Buen servicio,Esta bien as√≠. Gracias
606,Segmento 2,MES 1,10,5,Excelente servicio,Todo muy bien
607,Segmento 1,MES 2,10,5,servicio,esta todo correcto
608,Segmento 2,MES 3,10,5,Buena atenci√≥n,
609,Segmento 1,MES 1,10,5,Excelente atenci√≥n,Todo es perfecto muchas gracias
610,Segmento 1,MES 2,9,5,Excelente atenci√≥n,Atenci√≥n de acuerdo a turno
611,Segmento 1,MES 3,10,5,Excelente atencion,
612,Segmento 2,MES 1,10,5,Buena atenci√≥n,Continuar atendiendo bien
613,Segmento 1,MES 2,10,4,Muy buena atenci√≥n,Una l√≠nea de atenci√≥n al cliente
614,Segmento 1,MES 3,10,5,Buena atencion,Exelente servicio
615,Segmento 1,MES 1,10,5,Buena atenci√≥n,Creo q as√≠  esta bien
616,Segmento 1,MES 2,10,3,Buena atencion,La linea que tenga la opcion de que le contesten sin clave
617,Segmento 1,MES 3,9,5,Buena atencion,Ok
618,Segmento 2,MES 1,9,5,Buena atenci√≥n,
619,Segmento 1,MES 2,10,5,Buen servicio,Sigue c√≥mo vienen
620,Segmento 1,MES 3,10,5,Muy buena atenci√≥n,Estoy muy satisfecha
621,Segmento 1,MES 1,10,5,Muy buena atenci√≥n,Ya est√° mejor.
622,Segmento 1,MES 2,10,5,Excelente atenci√≥n,Todo esta bien
623,Segmento 2,MES 3,10,5,Buena atenci√≥n,Qued√© satisfecha
624,Segmento 2,MES 1,10,3,Excelente servicio,Seguir con el excelente servicio
625,Segmento 1,MES 2,10,5,Buena atenci√≥n,
626,Segmento 2,MES 3,10,3,No me solucionan nada,Llama uno ala multilinia y duran para pasar un asesor  m√°s de media hora
627,Segmento 1,MES 1,10,5,Buen servicio,Hasta el momento bien
628,Segmento 1,MES 2,10,5,Fue r√°pido el servicio,Estuvo muy bueno el servicio
629,Segmento 1,MES 3,10,5,Buena atenci√≥n,M√°s agilidad en los cajeros
630,Segmento 1,MES 1,10,5,Muy buena atencion,M√°s cajeros
631,Segmento 1,MES 2,9,5,Muy buena atenci√≥n,
632,Segmento 1,MES 3,10,5,Buen servicio,
633,Segmento 1,MES 1,10,5,Por su atencion,Siempre me atienden bien
634,Segmento 1,MES 2,10,5,Excelente atencion,Segu√≠ as√≠
635,Segmento 1,MES 3,10,5,Buen servicio,Ningun comentario
636,Segmento 1,MES 1,10,5,Excelente atenci√≥n,Quede muy conforme
637,Segmento 1,MES 2,10,5,Buena atenci√≥n,As√≠ est√°n bien
638,Segmento 1,MES 3,10,5,Atencion,M√°s promociones y precios competitivos
639,Segmento 1,MES 1,10,5,Buena atenci√≥n,
640,Segmento 1,MES 2,9,3,Muy demorada la atencion,En temporada se deber√≠a activar el funcionamiento de todas las cajas
641,Segmento 1,MES 3,10,5,Buena atenci√≥n,muy buena atenci√≥n
642,Segmento 1,MES 1,10,5,Buena atenci√≥n,Seguir con la exelente atenci√≥n
643,Segmento 1,MES 2,10,4,Excelente atenci√≥n,Estuvo muy bien
644,Segmento 1,MES 3,9,4,Atenci√≥n r√°pida,",,"
645,Segmento 1,MES 1,10,5,Excelente servicio,Tener un poco mas de cuidado con el sistema informatico
646,Segmento 1,MES 2,9,4,Buen servicio,
647,Segmento 1,MES 3,10,5,Excelente servicio,
648,Segmento 1,MES 1,10,5,Excelente atenci√≥n,
649,Segmento 1,MES 2,10,5,R√°pida atenci√≥n,Dar tinto
650,Segmento 2,MES 3,10,5,Buena atenci√≥n,Seguir con esa buena  amabilidad
651,Segmento 2,MES 1,10,5,Excelente atenci√≥n,
652,Segmento 1,MES 2,10,5,Por la atenci√≥n,Ofrecer Tito o gaseosa
653,Segmento 1,MES 3,10,5,Buena atenci√≥n,As√≠ est√° bien
654,Segmento 1,MES 1,10,5,Buen servicio,Mantener la calidad
655,Segmento 1,MES 2,10,5,Atenci√≥n r√°pida,Aumentar el cupo de mi cr√©dito
656,Segmento 1,MES 3,10,5,Muy buena atenci√≥n,
657,Segmento 1,MES 1,10,4,Buena atenci√≥n,Esta bien
658,Segmento 1,MES 2,10,5,Atenci√≥n r√°pida,As√≠ esta bien
659,Segmento 1,MES 3,10,3,Buen servicio,Todo esta muy bien
660,Segmento 1,MES 1,10,5,Excelente atencion,
661,Segmento 1,MES 2,10,3,Todo normal,M√°s cajeros  en el banco en fechas especiales.
662,Segmento 1,MES 3,9,5,Muy buena atenci√≥n,
663,Segmento 1,MES 1,10,3,La atenci√≥n igual,Agilizar la atenci√≥n al cliente
664,Segmento 1,MES 2,9,4,Fue r√°pido el servicio,
665,Segmento 1,MES 3,9,4,Buena atenci√≥n,
666,Segmento 1,MES 1,10,5,Buena atenci√≥n,Para esta muy bien as√≠
667,Segmento 1,MES 2,9,5,Atenci√≥n r√°pida,M√°s asesores
668,Segmento 2,MES 3,10,4,Buen servicio,
669,Segmento 1,MES 1,10,5,La atenci√≥n,Poder hacer mas cosas con la aplicaci√≥n
670,Segmento 1,MES 2,10,5,ok,ok
671,Segmento 1,MES 3,10,5,Buena atenci√≥n,
672,Segmento 1,MES 1,10,5,Excelente servicio,Rapidez en atenci√≥n por turno
673,Segmento 2,MES 2,9,5,Me atendieron bien,Que la atenci√≥n telef√≥nica sea mejor
674,Segmento 2,MES 3,10,5,Buen servicio,"As√≠ est√° bien,son atentos"
675,Segmento 1,MES 1,10,4,Muy buena atencion,Un poco m√°s √°gil tarde mucho en hacer mi tr√°mite
676,Segmento 1,MES 2,10,5,Excelente atenci√≥n,Seguir igual de atentos con los clientes
677,Segmento 1,MES 3,9,5,Buena atencion,Si pueden aumentar me un poco el cupo me gudtaria
678,Segmento 2,MES 1,10,5,Excelente atenci√≥n,
679,Segmento 1,MES 2,9,3,Na,
680,Segmento 1,MES 3,10,5,Muy buena atenci√≥n,
681,Segmento 2,MES 1,9,5,Buena atencion,
682,Segmento 1,MES 2,9,5,Muy buena atenci√≥n,No s√© a√∫n. Es la primera vez que tengo contacto con la.entidad.
683,Segmento 1,MES 3,10,5,Buena atencion,As√≠ est√° bien
684,Segmento 1,MES 1,9,5,Atenci√≥n,Mantener el nivel de atenci√≥n
685,Segmento 1,MES 2,10,5,Muy buena atenci√≥n,Seguir as√≠ de amables d√≠a a d√≠a
686,Segmento 1,MES 3,10,5,Excelente servicio,
687,Segmento 1,MES 1,10,5,Excelente servicio,
688,Segmento 1,MES 2,10,5,Muy buena atenci√≥n,As√≠ est√° bien
689,Segmento 1,MES 3,10,5,Buen servicio,As√≠ est√° bien
690,Segmento 1,MES 1,10,5,Buen servicio,
691,Segmento 2,MES 2,10,5,excelente atencion,
692,Segmento 1,MES 3,10,5,Servicio,
693,Segmento 1,MES 1,10,5,Todo bien,
694,Segmento 1,MES 2,10,5,Excelente atenci√≥n,Todo muy bien
695,Segmento 1,MES 3,10,5,Muy buena atenci√≥n,
696,Segmento 1,MES 1,10,4,Buen servicio,Horarios mas flexibles
697,Segmento 2,MES 2,10,5,Buen servicio,Que haya m√°s personal
698,Segmento 1,MES 3,9,4,Buen servicio,"Nada en especial , m√°s rapidez"
699,Segmento 1,MES 1,10,5,Excelente atenci√≥n,
700,Segmento 1,MES 2,9,5,Buena atenci√≥n,
701,Segmento 2,MES 3,10,3,Siempre la atenci√≥n es buena,
702,Segmento 1,MES 1,10,3,Todo normal,Estuvo bien la atenci√≥n
704,Segmento 1,MES 3,10,5,Buena atencion,Seguir ogual
705,Segmento 2,MES 1,10,5,Buen servicio,
706,Segmento 1,MES 2,9,5,EXCELENTE ATENCION,TODO ESTUVO BIEN
707,Segmento 1,MES 3,10,5,Buena atenci√≥n,
708,Segmento 1,MES 1,10,5,Buena atencion,Por ahora todo bien
709,Segmento 2,MES 2,10,5,Buena atenci√≥n,Turnos
710,Segmento 1,MES 3,10,5,Muy buena atencion,Esta muy bien excelente
711,Segmento 1,MES 1,10,5,La atenci√≥n,Reactivar mi cuenta de ahorros
712,Segmento 1,MES 2,10,5,Muy buena atenci√≥n,As√≠ est√° bien
713,Segmento 1,MES 3,10,5,Muy buena atencion,
714,Segmento 1,MES 1,10,5,Buena atencion,
715,Segmento 1,MES 2,10,5,excelente atencion,
716,Segmento 1,MES 3,10,5,Por la atenci√≥n que me brindaron,Por ahora todo est√° bien
717,Segmento 2,MES 1,9,5,Buena atenci√≥n,De momento todo bien
718,Segmento 1,MES 2,10,5,Buen servicio,Mantener buen servicio
719,Segmento 1,MES 3,10,4,Ninguna,Ninguna
720,Segmento 2,MES 1,10,5,Buen servicio,Que lleguen extractos
721,Segmento 1,MES 2,10,5,Buen servicio,M√°s cajeros
722,Segmento 1,MES 3,10,5,Excelente atenci√≥n,
723,Segmento 1,MES 1,10,5,Excelente atenci√≥n,
724,Segmento 1,MES 2,10,5,buen servicio,mas asesores
725,Segmento 1,MES 3,10,5,Buena atencion,Que hayan m√°s cajeros
726,Segmento 1,MES 1,9,5,Buena atenci√≥n,Mejorar horarios de atenci√≥n
727,Segmento 1,MES 2,10,5,Excelente servicio,
728,Segmento 2,MES 3,10,5,MUY BUENA ATENCI√ìN,
729,Segmento 1,MES 1,10,5,Excelente atenci√≥n,Mejorar cada d√≠a m√°s el recurso humano
730,Segmento 1,MES 2,10,5,Buena atenci√≥n,Aumentar el personal de atenci√≥n
731,Segmento 2,MES 3,9,5,Buena atencion,Nada
732,Segmento 1,MES 1,9,2,Mala atenci√≥n,"No lo s√©, comenzar√≠a por colocar gente amable que sonr√≠a y que si no tiene la respuesta al menos intente buscar una soluci√≥n"
733,Segmento 2,MES 2,10,3,Todo igual,Todo bien
734,Segmento 1,MES 3,9,3,Buena atencion,Cuando haya mucha fila habilitar m√°s cajeros
735,Segmento 2,MES 1,10,5,Excelente servicio,Continuar con el servicio
736,Segmento 1,MES 2,10,5,Porque si,Nada por el momento
737,Segmento 1,MES 3,10,5,Buena atenci√≥n,Esta bien asi
738,Segmento 2,MES 1,10,3,Me atendieron bien,Todo estuvo bien
739,Segmento 1,MES 2,10,5,Excelente atenci√≥n,Lo que hacen est√° bien..
740,Segmento 1,MES 3,9,4,Buena atencion,
741,Segmento 1,MES 1,10,5,Excelente atenci√≥n,Mejorar intereses
742,Segmento 1,MES 2,10,5,Buen servicio,Todo esta muy bn
743,Segmento 1,MES 3,10,5,buen servicio,un tintico gracias
744,Segmento 1,MES 1,9,3,Muy demorada la atenci√≥n.,Agilizar
745,Segmento 1,MES 2,10,4,X,X
746,Segmento 2,MES 3,10,5,Buena atencion,Todo est√° bien
747,Segmento 1,MES 1,10,4,Buena atenci√≥n,Se necesita un cajero electr√≥nico para hacer dep√≥sitos en el centro comercial chipichape
748,Segmento 1,MES 2,9,5,Por la atenci√≥n,Todo est√° bien
749,Segmento 1,MES 3,10,5,Muy buena atencion,Yo lo beo muy bien
750,Segmento 1,MES 1,9,4,Igual,As√≠ est√° bien
751,Segmento 2,MES 2,10,3,Buena atencion,M√°s comunicaci√≥n y mejores tasas de inter√©s ya que necesito de su apoyo
752,Segmento 1,MES 3,10,4,Excelente servicio,Prioridad para el adulto mayor
754,Segmento 1,MES 2,9,5,Es bueno,
755,Segmento 1,MES 3,10,5,Buen servicio,
756,Segmento 2,MES 1,10,5,Excelente atencion,
757,Segmento 1,MES 2,10,5,Excelente atencion,
758,Segmento 2,MES 3,10,5,Excelente atenci√≥n,"Tengo un bloqueo a mi juicio injustificado, pues creo siempre trato de cumplir con mis obligaciones y no se porque me niegan los servicios financieros que el banco brinda."
759,Segmento 1,MES 1,10,5,Excelente atenci√≥n,Todo perfecto
760,Segmento 1,MES 2,10,5,Muy buena Atencion,
761,Segmento 1,MES 3,10,5,Muy buena atenci√≥n,Todo muy bien
762,Segmento 2,MES 1,10,4,buen servicio,no tengo sugerencia en el momento
763,Segmento 1,MES 2,10,5,Buen servicio,
764,Segmento 1,MES 3,10,5,Buen servicio,As√≠ est√° bien
765,Segmento 1,MES 1,10,5,Excelente atenci√≥n,
766,Segmento 2,MES 2,10,5,Todo bien,Todo bien
767,Segmento 2,MES 3,10,5,Excelente atenci√≥n,
768,Segmento 1,MES 1,10,5,Excelente atenci√≥n,M√°s asesores. Hay momentos que se vuelve la atenci√≥n muy pesada
769,Segmento 1,MES 2,10,5,por la atenci√≥n,mas acesores
770,Segmento 1,MES 3,9,5,Buena atenci√≥n,
771,Segmento 1,MES 1,10,5,Buena atenci√≥n,Sigan as√≠
772,Segmento 2,MES 2,9,5,Buena atencion,Todo bien
773,Segmento 1,MES 3,10,5,Buen servicio,Detalles
774,Segmento 1,MES 1,10,5,Excelente atenci√≥n,Mejores beneficios para los clientes preferenciales
775,Segmento 1,MES 2,10,5,Buena atenci√≥n,Todo bien
776,Segmento 1,MES 3,9,5,Muy buena atenci√≥n,"Depronto en la app , poder pagar o abonar a la deuda del cr√©dito rotativo"
777,Segmento 1,MES 1,9,5,buena atencion,brindar mejores beneficion financieros a quienes tenemos buen consumo y manejo de pago.
778,Segmento 1,MES 2,10,3,Nada,No
780,Segmento 1,MES 1,10,5,Sin comentarios,
781,Segmento 1,MES 2,10,5,Muy buena atencion,Todo estubo bien
782,Segmento 1,MES 3,10,5,Excelente atenci√≥n,"No hay una sucursal en Bel√©n, de Medell√≠n"
783,Segmento 1,MES 1,10,5,Buen servicio,Tener una sucursal en usa
784,Segmento 1,MES 2,10,5,Excelente atencion,
785,Segmento 1,MES 3,10,5,Buen servicio,Menos filas
786,Segmento 1,MES 1,10,5,Buena atenci√≥n,Todo est√° bien
787,Segmento 1,MES 2,10,5,Buen servicio,Tener soluciones no solo via telefonica sino presencial
788,Segmento 1,MES 3,9,5,Buena atencion,Horario extendido
789,Segmento 1,MES 1,10,5,Si,La tenci√≥n fue demasiado buena
790,Segmento 2,MES 2,9,5,Atenci√≥n r√°pida,.
791,Segmento 1,MES 3,10,3,Muy lenta la atenci√≥n,Que sea m√°s √°gil la atenci√≥n en ventanilla de atenci√≥n d√≥nde se firman los documentos
792,Segmento 2,MES 1,10,5,Buen servicio,Aaa
793,Segmento 2,MES 2,10,5,Buena atenci√≥n,Todo est√° bien asi
794,Segmento 1,MES 3,10,5,Todo bien,
795,Segmento 1,MES 1,10,5,Buen servicio,Sin sugerencias
796,Segmento 2,MES 2,9,4,X,X
797,Segmento 2,MES 3,10,5,Excelente atencion,Todo bien
798,Segmento 1,MES 1,9,5,Ninguna,Ninguna
799,Segmento 1,MES 2,10,5,Buena atencion,M√°s personal para Aguilar servicios
800,Segmento 1,MES 3,10,5,Atenci√≥n r√°pida,Lo encuentro bien
801,Segmento 1,MES 1,9,5,Buen servicio,"M√°s que en la oficina ser√≠a en mi cuenta de ahorros:
Es imposible hacer una transacci√≥n en las horas de la noche 
Me gustar√≠a que se pudiera recargar la tarjeta de Transmilenio.me gustar√≠a que hubiera m√°s convenios con otras entidades de cajeros autom√°ticos, no solamente con servibanca y una sola ves en el mes.
Esto nos facilitar√≠a mucho y el banco tendr√≠a muchos m√°s usuarios.
Gracias √±."
802,Segmento 2,MES 2,10,5,Buena atenci√≥n,Informaci√≥n oportuna
803,Segmento 2,MES 3,10,5,Excelente atenci√≥n,
804,Segmento 2,MES 1,10,4,Buena atencion,M√°s empleados √±9√±
805,Segmento 1,MES 2,9,5,Buena atenci√≥n,En servicio de caja
806,Segmento 2,MES 3,10,5,Buena atenci√≥n,Nada
807,Segmento 1,MES 1,10,5,Rapidez en la atenci√≥n,No aplica
808,Segmento 1,MES 2,9,3,,Mas rapidez en la atenci√≥n
809,Segmento 1,MES 3,10,3,Sigue igual,dar cafe
810,Segmento 2,MES 1,10,5,Buen servicio,Tener m√°s encuenta mi compromiso de seriedad con los servicios prestados por ustedes.
811,Segmento 1,MES 2,10,5,Buena atenci√≥n,M√°s personas en caja
812,Segmento 1,MES 3,9,5,Excelente atenci√≥n,
813,Segmento 2,MES 1,10,3,N.A,NO COBRAR TANTO POR TRANSACCION
814,Segmento 1,MES 2,10,5,Excelente atenci√≥n,En horas pico colocar m√°s cajeros para que el tiempo de espera no sea tan grande
815,Segmento 1,MES 3,10,5,excelente atencion,todo bien
816,Segmento 1,MES 1,10,5,Excelente atenci√≥n,Me siento satisfecha con la atenci√≥n
817,Segmento 1,MES 2,10,5,buena atencion,
818,Segmento 1,MES 3,10,3,Sigue igual,
819,Segmento 1,MES 1,9,5,buena atenci√≥n,estuvo bien
820,Segmento 3,MES 2,10,5,Buen servicio,Seguir igual
821,Segmento 3,MES 3,10,5,Muy buena atencion,Yo creo que as√≠ est√° muy bien
822,Segmento 1,MES 1,10,5,Muy buena atenci√≥n,Extenders los horarios
823,Segmento 1,MES 2,10,5,Muy buena atencion,Esta bien
824,Segmento 1,MES 3,9,4,Buena atencion,
825,Segmento 1,MES 1,9,4,Muy buena atencion,Todo muy bien
826,Segmento 1,MES 2,10,5,Muy buena atenci√≥n,
827,Segmento 2,MES 3,10,3,Servicio rapido,No cobrarme cuota de manejo
828,Segmento 1,MES 1,10,5,Excelente atenci√≥n,
829,Segmento 1,MES 2,10,5,Excelente atenci√≥n,En el momento ninguna recomendaci√≥n
830,Segmento 1,MES 3,9,3,Buen servicio,M√°s cajeros que no solo permitan retirar sino hacer pagos y consignaciones en el norte de Cali
831,Segmento 1,MES 1,10,5,Buen servicio,Exelente
832,Segmento 2,MES 2,10,5,Excelente atenci√≥n,Ofrecer caf√© de calidad
833,Segmento 1,MES 3,10,4,Si,Agilidad
834,Segmento 2,MES 1,10,5,Muy buena atenci√≥n,Cada vez hay menos sucursales y hay que recorrer mucho en Bogot√°
835,Segmento 1,MES 2,10,5,Buena atenci√≥n al cliente.,Subir el cupo de la tarjeta de cr√©dito.
836,Segmento 1,MES 3,10,5,Excelente atenci√≥n,
837,Segmento 2,MES 1,10,5,Buena atenci√≥n,
838,Segmento 1,MES 2,10,3,Es igual,"No cobrar cuota de manejo,y menos tener que hacer 7 compras para no pagar cuota de manejo"
839,Segmento 1,MES 3,9,5,Buena atenci√≥n,
840,Segmento 1,MES 1,9,5,Excelente atenci√≥n,La atenci√≥n es oportuna y excelente üëå
841,Segmento 1,MES 2,10,5,Muy buena atencion,Todo esta muy bien
842,Segmento 1,MES 3,9,3,Todo normal,"Nada diferente, todo va bien"
843,Segmento 2,MES 1,10,5,Agilidad en la atenci√≥n,"No, todo bien"
844,Segmento 2,MES 2,10,5,Excelente atencion,
845,Segmento 1,MES 3,9,5,Buena atencion,Ver mis movimientos
846,Segmento 1,MES 1,10,5,Muy buena atenci√≥n,As√≠ esta bien
847,Segmento 1,MES 2,10,5,Excelente atenci√≥n,"Seguir as√≠, muy bnos."
848,Segmento 1,MES 3,9,3,,Agilizar
849,Segmento 1,MES 1,10,5,Muy buena atenci√≥n,Tener m√°s personas en las cabinas cuando tengan mucho tr√°fico de personas
850,Segmento 1,MES 2,9,4,Buen servicio,Mejorar servicio al cliente.
851,Segmento 1,MES 3,9,3,Todo igual,M√°s cajeros en caja
852,Segmento 1,MES 1,10,5,Me atendieron bien,
853,Segmento 1,MES 2,10,3,Mucha demora en la atenci√≥n,Habia 4 asesores pero solo 1 estaba atendiendo
854,Segmento 1,MES 3,10,4,Buen servicio,Todo est√° bien
855,Segmento 1,MES 1,10,5,Buena atenci√≥n,Ok
856,Segmento 1,MES 2,9,5,Buena atenci√≥n,Todo bien
857,Segmento 1,MES 3,10,5,Atenci√≥n,Tasas de inter√©s bajas
858,Segmento 1,MES 1,10,5,Buena atenci√≥n,Segu√≠ as√≠ con constancia y perseverancia
859,Segmento 1,MES 2,10,4,Excelente servicio,Por el momento he contado con lo que requiero
860,Segmento 1,MES 3,10,5,Buena atenci√≥n,Resolver mis inconvenientes de una manera m√°s r√°pida
861,Segmento 1,MES 1,10,5,Buen servicio,Todo ok
862,Segmento 1,MES 2,10,5,Buen servicio,Esta bn la atenci√≥n
863,Segmento 2,MES 3,10,5,Por la atenci√≥n,
864,Segmento 1,MES 1,10,5,,
865,Segmento 1,MES 2,10,5,Buen servicio,Implementar mejor atenci√≥n al cliente
866,Segmento 2,MES 3,9,5,Excelente atenci√≥n,Me parece todo bien
867,Segmento 2,MES 1,10,5,Fui bien atendido,Mejorar la atencion a las personas mayores
868,Segmento 2,MES 2,10,5,buen servicio,"que todas las cajas siempre funcionen, que siempre all√° cajeros disponibles"
869,Segmento 1,MES 3,9,5,Muy buena atenci√≥n,M√°s r√°pida la atenci√≥n
870,Segmento 2,MES 1,9,3,Buena atencion,Todo bien
871,Segmento 2,MES 2,10,5,BUEN SERVICIO,MEJORAR EL TIEMPO DE ATENCION AL CLIENTE POR LOS ASESORES NO POR LOS CAJEROS
872,Segmento 1,MES 3,10,5,Buena atenci√≥n,Mejorar la cuota de manejo de la tarjeta
873,Segmento 1,MES 1,10,3,todo fue Normal,Pienso que nada  todo normal
874,Segmento 1,MES 2,10,5,Buena atenci√≥n,En consultas hay demora en la atenci√≥n por cantidad de usuarios
875,Segmento 1,MES 3,10,5,Atenci√≥n r√°pida,As√≠ estubo bien
876,Segmento 1,MES 1,10,5,Buena atenci√≥n,M√°s cajeros
877,Segmento 1,MES 2,10,1,Excelente atenci√≥n,"Seguir atendiendo de la forma en que lo hacen, con mucho respeto amabilidad"
878,Segmento 1,MES 3,9,5,Buena atenci√≥n,"Establecer linea de atenci√≥n preferencial a los de tercera edad,discapacitados y madres gestantes."
879,Segmento 1,MES 1,10,5,Buen servicio,
880,Segmento 1,MES 2,10,5,Muy buena atenci√≥n,Para m√≠ poder hacer los pagos en mi pueblo y no viajar
881,Segmento 1,MES 3,10,5,Excelente atencion,Una sucursal m√°s cercana
882,Segmento 3,MES 1,10,4,Buen servicio,Por el momento est√° bien as√≠
883,Segmento 1,MES 2,10,5,Atencion,Mas empleados
884,Segmento 1,MES 3,10,5,Atenci√≥n,Bajar las tasas
885,Segmento 1,MES 1,9,5,Buen servicio,Mantener el buen servicio en la oficina
886,Segmento 1,MES 2,10,5,Excelente atenci√≥n,Todo est√° perfecto
887,Segmento 1,MES 3,10,4,Buena atenci√≥n,Pues no todo est√° bien
888,Segmento 1,MES 1,10,5,Buena atencion,
889,Segmento 1,MES 2,10,5,Buena atenci√≥n,Todo esta bien
890,Segmento 1,MES 3,10,4,Servicio,M√°s agilidad para llegar a la asesoria
891,Segmento 1,MES 1,10,3,Excelente servicio,As√≠ est√° bien
892,Segmento 2,MES 2,10,3,Todo bien,Mejorar tiempo de atencion
893,Segmento 1,MES 3,10,5,Muy buena atenci√≥n,
894,Segmento 1,MES 1,10,5,Excelente servicio,"Contraten m√°s personal, la persona que me atendi√≥ muy amable pero se ve√≠a muy muy ocupado"
895,Segmento 1,MES 2,10,5,Buen servicio,
896,Segmento 1,MES 3,9,3,Excelente servicio,
897,Segmento 2,MES 1,9,5,Buena atenci√≥n,Todo est√° bien
898,Segmento 1,MES 2,10,4,Muy buena atencion,
899,Segmento 1,MES 3,9,5,R√°pida atenci√≥n,"Se debe priorizar al adulto mayor,"
900,Segmento 2,MES 1,9,4,Buen servicio,M√°s calidez
901,Segmento 1,MES 2,10,5,Excelente atenci√≥n,no tengo quejas
902,Segmento 1,MES 3,10,5,Buena atenci√≥n,"No sea tan demorados los turnos, m√°s personal."
903,Segmento 1,MES 1,10,3,Muchas fila,M√°s agilidad
904,Segmento 1,MES 2,10,5,bien,
905,Segmento 2,MES 3,10,5,Buen servicio,"Minimizar tanta tramitologia, los pagos sea via virtual, en depositario o en caja, se apliquen inmediatamente al producto en el caso de las tarjeta de cr√©dito, para que los cupos quedan disponible, no esperar 24 o hasta 48 hora para ver reflejado los nuevos saldos"
906,Segmento 1,MES 1,10,5,Excelente atenci√≥n,Todo est√° perfecto
907,Segmento 1,MES 2,10,5,Buena atenci√≥n,Todo esta bien
908,Segmento 1,MES 3,9,5,Es bueno,Explicar mejor
909,Segmento 2,MES 1,10,5,Excelente servicio,Mejorar la atenci√≥n por telefono
910,Segmento 1,MES 2,10,5,EXCELENTE Atenci√≥n,Todo funciona perfecto muchas gracias
911,Segmento 2,MES 3,10,5,Excelente atencion,Estoy muy satisfecha
912,Segmento 1,MES 1,10,5,Excelente atenci√≥n,
913,Segmento 1,MES 2,10,3,No solucionaron mi inquietud,Mejor orientaci√≥n de los asesores y que no todo sea v√≠a telef√≥nica aun personas que nos gusta hacer las cosas personalmente
914,Segmento 2,MES 3,10,5,Atencion,Nada
915,Segmento 1,MES 1,10,5,Excelente atenci√≥n,Todo est√° muy bien
916,Segmento 1,MES 2,10,5,Muy buena atencion,Darme la oportunidad de un cr√©dito rotativo .
917,Segmento 2,MES 3,10,5,BUENA ATENCION,N
918,Segmento 1,MES 1,10,5,Excelente atenci√≥n,Todo bien
919,Segmento 2,MES 2,10,4,excelente servicio,
920,Segmento 1,MES 3,10,5,N,"Actitud de las personas que atienden, algunos deben mejorar su actitud"
921,Segmento 1,MES 1,10,5,Buena atenci√≥n,
922,Segmento 1,MES 2,9,5,EXCELENTE LA ATENCION,MAS TRABAJADORES
923,Segmento 2,MES 3,10,5,excelente atenci√≥n,dar continuidad al excelente servicio
924,Segmento 1,MES 1,10,5,Buena atencion,Todo bien
925,Segmento 1,MES 2,10,3,,
926,Segmento 1,MES 3,10,5,Buen servicio,Me parececio muy amable el asesor
927,Segmento 1,MES 1,10,5,Buena atenci√≥n,El horario extendido deber√≠a volver y atenci√≥n los s√°bados
928,Segmento 1,MES 2,10,5,Excelente atenci√≥n,As√≠ est√° muy bien
929,Segmento 2,MES 3,10,5,Buena atencion,Hasta ahora todo bien
930,Segmento 1,MES 1,10,5,Muy buena atencion,Todo esta muy bien
931,Segmento 1,MES 2,10,5,Excelente atencion,Aumento del cupo credicticio
932,Segmento 2,MES 3,10,5,Muy buena atencion,Mantener el buen servicio
933,Segmento 3,MES 1,10,5,Excelente atenci√≥n,Sin comentarios
934,Segmento 1,MES 2,10,5,Buena atencion,Todo est√° muy bien
935,Segmento 1,MES 3,10,3,,
936,Segmento 1,MES 1,9,4,Buena atencion,Ok
937,Segmento 1,MES 2,10,5,Excelente atencion,Mejorar tasas de interes
938,Segmento 2,MES 3,10,4,Buen servicio,En la oficina  de diverplaza colocar ‚ûïÔ∏è  asesores para  los clientes
939,Segmento 1,MES 1,10,5,Excelente atenci√≥n,M√°s personal..
940,Segmento 1,MES 2,9,5,Buen servicio,
941,Segmento 1,MES 3,10,5,Buena atenci√≥n,Continuar con la atenci√≥n al cliente exelente
942,Segmento 2,MES 1,10,4,Muy demorado,M√°s r√°pido
943,Segmento 2,MES 2,10,5,Buena atenci√≥n,Atender mas r√°pido
944,Segmento 1,MES 3,10,5,buen servicio,todo esta bien
945,Segmento 2,MES 1,10,5,Buena atenci√≥n,Colocar m√°s asesores para no tardar tanto en pasar
946,Segmento 1,MES 2,10,3,Sin comentarios,La atenci√≥n estuvo muy bien
947,Segmento 1,MES 3,9,5,Buen trato,Dar m√°s opciones de retiros en cajeros
948,Segmento 2,MES 1,9,3,sigue igual,colocar mas cajeros
949,Segmento 2,MES 2,10,5,Excelente atencion,muchas gracias por la atencion
950,Segmento 1,MES 3,10,5,muy buena atenci√≥n,
951,Segmento 1,MES 1,10,5,BUENA ATENCION,
952,Segmento 2,MES 2,10,5,buen servicio,instalar mas cajeros consignatarios en la ciudad de Envigado Antioquia
953,Segmento 2,MES 3,9,3,todo igual,otra oficina en el centro
954,Segmento 2,MES 1,10,5,buena atencion,mejorar  con atencion personalizada
955,Segmento 2,MES 2,10,5,Excelente atenci√≥n,
956,Segmento 1,MES 3,10,5,Buen servicio,As√≠ est√° perfecto
957,Segmento 2,MES 1,10,5,Excelente atenci√≥n,Todo muy bien
958,Segmento 1,MES 2,10,5,R√°pida atenci√≥n,
959,Segmento 1,MES 3,10,5,Bien,Lo mismo
960,Segmento 1,MES 1,10,5,Muy buena atenci√≥n,Todo esta muy bien asi
961,Segmento 1,MES 2,10,5,Atenci√≥n r√°pida,Seguir con el buen servicio
962,Segmento 1,MES 3,10,5,Excelente servicio,Est√°n bien
963,Segmento 1,MES 1,10,3,Me atendieron r√°pido,Seguir igual
964,Segmento 2,MES 2,9,4,Buena atencion,Continuar con una buena politica
965,Segmento 1,MES 3,10,3,Na,
966,Segmento 2,MES 1,9,5,excelente servicio,"para mi suficiente y excelente el servicio, muchas gracias"
967,Segmento 1,MES 2,10,4,Si,Nada
968,Segmento 1,MES 3,10,5,Excelente atenci√≥n,Aire acondicionado en la sede Parque Nari√±o
969,Segmento 1,MES 1,10,5,Excelente servicio,"Revisar el desbloqueo de mi targeta o me informen en que fecha puedo volver a utilizarla.

Gracias"
970,Segmento 1,MES 2,9,5,R√°pida atenci√≥n,
971,Segmento 1,MES 3,10,5,Excelente atenci√≥n,M√°s r√°pido los turnos
972,Segmento 1,MES 1,10,5,R√°pida atenci√≥n,Tener en cuenta como prioritarios a los adultos mayores
973,Segmento 1,MES 2,10,5,Excelente servicio,Muy bien atendido y bien aconsejado por la persona que me atendi√≥
974,Segmento 2,MES 3,10,5,Buena atenci√≥n,
975,Segmento 1,MES 1,9,5,Buena atenci√≥n,Calidad
976,Segmento 1,MES 2,10,5,Excelente servicio,"Por ahora nada, gracias"
977,Segmento 2,MES 3,10,5,excelente servicio,mejorar en la informacion que el cliente quiere
978,Segmento 1,MES 1,10,5,Muy buena atenci√≥n,Todo bien
979,Segmento 1,MES 2,10,5,Excelente servicio,Seguir mejorando por beneficio de los usuarios
980,Segmento 1,MES 3,10,5,Excelente servicio,
981,Segmento 2,MES 1,10,5,Muy buena atenci√≥n,
982,Segmento 1,MES 2,10,5,,Asesores otro
983,Segmento 1,MES 3,10,5,Excelente servicio,
984,Segmento 1,MES 1,10,5,Buena atenci√≥n,Continuar asi
985,Segmento 1,MES 2,10,5,Excelente servicio,
986,Segmento 1,MES 3,10,5,Excelente atencion,Nada todo esta muy bien
987,Segmento 2,MES 1,10,4,Excelente atenci√≥n,
988,Segmento 1,MES 2,10,5,Excelente atencion,Todo muy bien gracias
989,Segmento 1,MES 3,10,5,Muy buena atenci√≥n,
990,Segmento 2,MES 1,10,5,Excelente atenci√≥n,Ok
991,Segmento 1,MES 2,10,5,Excelente servicio,
992,Segmento 1,MES 3,10,4,Na,Agilizar todo online
993,Segmento 1,MES 1,9,4,Buena atenci√≥n,
994,Segmento 1,MES 2,10,5,Buen servicio,Lograr bajar los intereses
995,Segmento 1,MES 3,9,5,Me atendieron bien,Todo esta bien
996,Segmento 2,MES 1,10,5,Buena atenci√≥n,Tener un auxiliar  orientar al cliente
997,Segmento 1,MES 2,9,4,Buena atencion,Ser muy amables
998,Segmento 2,MES 3,10,5,Buen servicio,Seguir con el mismo ritmo
