ProductKey,ProductCategoryKey,ProductSubcategoryKey,productName,SafetyStockLevel,ReorderPoint,DaysToManufacture,categoryName,subCategoryName
1,1,1,Adjustable Race,1000,750,0,Bikes,Mountain Bikes
1,1,2,Adjustable Race,1000,750,0,Bikes,Road Bikes
1,1,3,Adjustable Race,1000,750,0,Bikes,Touring Bikes
2,2,4,Bearing Ball,1000,750,0,Components,Handlebars
2,2,5,Bearing Ball,1000,750,0,Components,Bottom Brackets
2,2,6,Bearing Ball,1000,750,0,Components,Brakes
2,2,7,Bearing Ball,1000,750,0,Components,Chains
2,2,8,Bearing Ball,1000,750,0,Components,Cranksets
2,2,9,Bearing Ball,1000,750,0,Components,Derailleurs
2,2,16,Bearing Ball,1000,750,0,Components,Touring Frames
2,2,17,Bearing Ball,1000,750,0,Components,Wheels
2,2,10,Bearing Ball,1000,750,0,Components,Forks
2,2,11,Bearing Ball,1000,750,0,Components,Headsets
2,2,12,Bearing Ball,1000,750,0,Components,Mountain Frames
2,2,13,Bearing Ball,1000,750,0,Components,Pedals
2,2,14,Bearing Ball,1000,750,0,Components,Road Frames
2,2,15,Bearing Ball,1000,750,0,Components,Saddles
3,3,18,BB Ball Bearing,800,600,1,Clothing,Bib-Shorts
3,3,19,BB Ball Bearing,800,600,1,Clothing,Caps
3,3,20,BB Ball Bearing,800,600,1,Clothing,Gloves
3,3,21,BB Ball Bearing,800,600,1,Clothing,Jerseys
3,3,22,BB Ball Bearing,800,600,1,Clothing,Shorts
3,3,23,BB Ball Bearing,800,600,1,Clothing,Socks
3,3,24,BB Ball Bearing,800,600,1,Clothing,Tights
3,3,25,BB Ball Bearing,800,600,1,Clothing,Vests
4,4,26,Headset Ball Bearings,800,600,0,Accessories,Bike Racks
4,4,27,Headset Ball Bearings,800,600,0,Accessories,Bike Stands
4,4,28,Headset Ball Bearings,800,600,0,Accessories,Bottles and Cages
4,4,29,Headset Ball Bearings,800,600,0,Accessories,Cleaners
4,4,30,Headset Ball Bearings,800,600,0,Accessories,Fenders
4,4,31,Headset Ball Bearings,800,600,0,Accessories,Helmets
4,4,32,Headset Ball Bearings,800,600,0,Accessories,Hydration Packs
4,4,33,Headset Ball Bearings,800,600,0,Accessories,Lights
4,4,34,Headset Ball Bearings,800,600,0,Accessories,Locks
4,4,35,Headset Ball Bearings,800,600,0,Accessories,Panniers
4,4,36,Headset Ball Bearings,800,600,0,Accessories,Pumps
4,4,37,Headset Ball Bearings,800,600,0,Accessories,Tires and Tubes
5,NULL,NULL,Blade,800,600,1,NULL,NULL
6,NULL,NULL,LL Crankarm,500,375,0,NULL,NULL
7,NULL,NULL,ML Crankarm,500,375,0,NULL,NULL
8,NULL,NULL,HL Crankarm,500,375,0,NULL,NULL
9,NULL,NULL,Chainring Bolts,1000,750,0,NULL,NULL
10,NULL,NULL,Chainring Nut,1000,750,0,NULL,NULL
11,NULL,NULL,Chainring,1000,750,0,NULL,NULL
12,NULL,NULL,Crown Race,1000,750,0,NULL,NULL
13,NULL,NULL,Chain Stays,1000,750,1,NULL,NULL
14,NULL,NULL,Decal 1,1000,750,0,NULL,NULL
15,NULL,NULL,Decal 2,1000,750,0,NULL,NULL
16,NULL,NULL,Down Tube,800,600,1,NULL,NULL
17,NULL,NULL,Mountain End Caps,1000,750,1,NULL,NULL
18,NULL,NULL,Road End Caps,1000,750,1,NULL,NULL
19,NULL,NULL,Touring End Caps,1000,750,1,NULL,NULL
20,NULL,NULL,Fork End,800,600,1,NULL,NULL
21,NULL,NULL,Freewheel,500,375,0,NULL,NULL
22,NULL,NULL,Flat Washer 1,1000,750,0,NULL,NULL
23,NULL,NULL,Flat Washer 6,1000,750,0,NULL,NULL
24,NULL,NULL,Flat Washer 2,1000,750,0,NULL,NULL
25,NULL,NULL,Flat Washer 9,1000,750,0,NULL,NULL
26,NULL,NULL,Flat Washer 4,1000,750,0,NULL,NULL
27,NULL,NULL,Flat Washer 3,1000,750,0,NULL,NULL
28,NULL,NULL,Flat Washer 8,1000,750,0,NULL,NULL
29,NULL,NULL,Flat Washer 5,1000,750,0,NULL,NULL
30,NULL,NULL,Flat Washer 7,1000,750,0,NULL,NULL
31,NULL,NULL,Fork Crown,800,600,1,NULL,NULL
32,NULL,NULL,Front Derailleur Cage,800,600,0,NULL,NULL
33,NULL,NULL,Front Derailleur Linkage,800,600,0,NULL,NULL
34,NULL,NULL,Guide Pulley,800,600,0,NULL,NULL
35,NULL,NULL,LL Grip Tape,800,600,0,NULL,NULL
36,NULL,NULL,ML Grip Tape,800,600,0,NULL,NULL
37,NULL,NULL,HL Grip Tape,800,600,0,NULL,NULL
38,NULL,NULL,Thin-Jam Hex Nut 9,1000,750,0,NULL,NULL
39,NULL,NULL,Thin-Jam Hex Nut 10,1000,750,0,NULL,NULL
40,NULL,NULL,Thin-Jam Hex Nut 1,1000,750,0,NULL,NULL
41,NULL,NULL,Thin-Jam Hex Nut 2,1000,750,0,NULL,NULL
42,NULL,NULL,Thin-Jam Hex Nut 15,1000,750,0,NULL,NULL
43,NULL,NULL,Thin-Jam Hex Nut 16,1000,750,0,NULL,NULL
44,NULL,NULL,Thin-Jam Hex Nut 5,1000,750,0,NULL,NULL
45,NULL,NULL,Thin-Jam Hex Nut 6,1000,750,0,NULL,NULL
46,NULL,NULL,Thin-Jam Hex Nut 3,1000,750,0,NULL,NULL
47,NULL,NULL,Thin-Jam Hex Nut 4,1000,750,0,NULL,NULL
48,NULL,NULL,Thin-Jam Hex Nut 13,1000,750,0,NULL,NULL
49,NULL,NULL,Thin-Jam Hex Nut 14,1000,750,0,NULL,NULL
50,NULL,NULL,Thin-Jam Hex Nut 7,1000,750,0,NULL,NULL
51,NULL,NULL,Thin-Jam Hex Nut 8,1000,750,0,NULL,NULL
52,NULL,NULL,Thin-Jam Hex Nut 12,1000,750,0,NULL,NULL
53,NULL,NULL,Thin-Jam Hex Nut 11,1000,750,0,NULL,NULL
54,NULL,NULL,Hex Nut 5,1000,750,0,NULL,NULL
55,NULL,NULL,Hex Nut 6,1000,750,0,NULL,NULL
56,NULL,NULL,Hex Nut 16,1000,750,0,NULL,NULL
57,NULL,NULL,Hex Nut 17,1000,750,0,NULL,NULL
58,NULL,NULL,Hex Nut 7,1000,750,0,NULL,NULL
59,NULL,NULL,Hex Nut 8,1000,750,0,NULL,NULL
60,NULL,NULL,Hex Nut 9,1000,750,0,NULL,NULL
61,NULL,NULL,Hex Nut 22,1000,750,0,NULL,NULL
62,NULL,NULL,Hex Nut 23,1000,750,0,NULL,NULL
63,NULL,NULL,Hex Nut 12,1000,750,0,NULL,NULL
64,NULL,NULL,Hex Nut 13,1000,750,0,NULL,NULL
65,NULL,NULL,Hex Nut 1,1000,750,0,NULL,NULL
66,NULL,NULL,Hex Nut 10,1000,750,0,NULL,NULL
67,NULL,NULL,Hex Nut 11,1000,750,0,NULL,NULL
68,NULL,NULL,Hex Nut 2,1000,750,0,NULL,NULL
69,NULL,NULL,Hex Nut 20,1000,750,0,NULL,NULL
70,NULL,NULL,Hex Nut 21,1000,750,0,NULL,NULL
71,NULL,NULL,Hex Nut 3,1000,750,0,NULL,NULL
72,NULL,NULL,Hex Nut 14,1000,750,0,NULL,NULL
73,NULL,NULL,Hex Nut 15,1000,750,0,NULL,NULL
74,NULL,NULL,Hex Nut 4,1000,750,0,NULL,NULL
75,NULL,NULL,Hex Nut 18,1000,750,0,NULL,NULL
76,NULL,NULL,Hex Nut 19,1000,750,0,NULL,NULL
77,NULL,NULL,Handlebar Tube,800,600,1,NULL,NULL
78,NULL,NULL,Head Tube,800,600,1,NULL,NULL
79,NULL,NULL,LL Hub,500,375,1,NULL,NULL
80,NULL,NULL,HL Hub,500,375,1,NULL,NULL
81,NULL,NULL,Keyed Washer,1000,750,0,NULL,NULL
82,NULL,NULL,External Lock Washer 3,1000,750,0,NULL,NULL
83,NULL,NULL,External Lock Washer 4,1000,750,0,NULL,NULL
84,NULL,NULL,External Lock Washer 9,1000,750,0,NULL,NULL
85,NULL,NULL,External Lock Washer 5,1000,750,0,NULL,NULL
86,NULL,NULL,External Lock Washer 7,1000,750,0,NULL,NULL
87,NULL,NULL,External Lock Washer 6,1000,750,0,NULL,NULL
88,NULL,NULL,External Lock Washer 1,1000,750,0,NULL,NULL
89,NULL,NULL,External Lock Washer 8,1000,750,0,NULL,NULL
90,NULL,NULL,External Lock Washer 2,1000,750,0,NULL,NULL
91,NULL,NULL,Internal Lock Washer 3,1000,750,0,NULL,NULL
92,NULL,NULL,Internal Lock Washer 4,1000,750,0,NULL,NULL
93,NULL,NULL,Internal Lock Washer 9,1000,750,0,NULL,NULL
94,NULL,NULL,Internal Lock Washer 5,1000,750,0,NULL,NULL
95,NULL,NULL,Internal Lock Washer 7,1000,750,0,NULL,NULL
96,NULL,NULL,Internal Lock Washer 6,1000,750,0,NULL,NULL
97,NULL,NULL,Internal Lock Washer 10,1000,750,0,NULL,NULL
98,NULL,NULL,Internal Lock Washer 1,1000,750,0,NULL,NULL
99,NULL,NULL,Internal Lock Washer 8,1000,750,0,NULL,NULL
100,NULL,NULL,Internal Lock Washer 2,1000,750,0,NULL,NULL
101,NULL,NULL,Thin-Jam Lock Nut 9,1000,750,0,NULL,NULL
102,NULL,NULL,Thin-Jam Lock Nut 10,1000,750,0,NULL,NULL
103,NULL,NULL,Thin-Jam Lock Nut 1,1000,750,0,NULL,NULL
104,NULL,NULL,Thin-Jam Lock Nut 2,1000,750,0,NULL,NULL
105,NULL,NULL,Thin-Jam Lock Nut 15,1000,750,0,NULL,NULL
106,NULL,NULL,Thin-Jam Lock Nut 16,1000,750,0,NULL,NULL
107,NULL,NULL,Thin-Jam Lock Nut 5,1000,750,0,NULL,NULL
108,NULL,NULL,Thin-Jam Lock Nut 6,1000,750,0,NULL,NULL
109,NULL,NULL,Thin-Jam Lock Nut 3,1000,750,0,NULL,NULL
110,NULL,NULL,Thin-Jam Lock Nut 4,1000,750,0,NULL,NULL
111,NULL,NULL,Thin-Jam Lock Nut 13,1000,750,0,NULL,NULL
112,NULL,NULL,Thin-Jam Lock Nut 14,1000,750,0,NULL,NULL
113,NULL,NULL,Thin-Jam Lock Nut 7,1000,750,0,NULL,NULL
114,NULL,NULL,Thin-Jam Lock Nut 8,1000,750,0,NULL,NULL
115,NULL,NULL,Thin-Jam Lock Nut 12,1000,750,0,NULL,NULL
116,NULL,NULL,Thin-Jam Lock Nut 11,1000,750,0,NULL,NULL
117,NULL,NULL,Lock Nut 5,1000,750,0,NULL,NULL
118,NULL,NULL,Lock Nut 6,1000,750,0,NULL,NULL
119,NULL,NULL,Lock Nut 16,1000,750,0,NULL,NULL
120,NULL,NULL,Lock Nut 17,1000,750,0,NULL,NULL
121,NULL,NULL,Lock Nut 7,1000,750,0,NULL,NULL
122,NULL,NULL,Lock Nut 8,1000,750,0,NULL,NULL
123,NULL,NULL,Lock Nut 9,1000,750,0,NULL,NULL
124,NULL,NULL,Lock Nut 22,1000,750,0,NULL,NULL
125,NULL,NULL,Lock Nut 23,1000,750,0,NULL,NULL
126,NULL,NULL,Lock Nut 12,1000,750,0,NULL,NULL
127,NULL,NULL,Lock Nut 13,1000,750,0,NULL,NULL
128,NULL,NULL,Lock Nut 1,1000,750,0,NULL,NULL
129,NULL,NULL,Lock Nut 10,1000,750,0,NULL,NULL
130,NULL,NULL,Lock Nut 11,1000,750,0,NULL,NULL
131,NULL,NULL,Lock Nut 2,1000,750,0,NULL,NULL
132,NULL,NULL,Lock Nut 20,1000,750,0,NULL,NULL
133,NULL,NULL,Lock Nut 21,1000,750,0,NULL,NULL
134,NULL,NULL,Lock Nut 3,1000,750,0,NULL,NULL
135,NULL,NULL,Lock Nut 14,1000,750,0,NULL,NULL
136,NULL,NULL,Lock Nut 15,1000,750,0,NULL,NULL
137,NULL,NULL,Lock Nut 4,1000,750,0,NULL,NULL
138,NULL,NULL,Lock Nut 19,1000,750,0,NULL,NULL
139,NULL,NULL,Lock Nut 18,1000,750,0,NULL,NULL
140,NULL,NULL,Lock Ring,1000,750,0,NULL,NULL
141,NULL,NULL,Lower Head Race,1000,750,0,NULL,NULL
142,NULL,NULL,Lock Washer 4,1000,750,0,NULL,NULL
143,NULL,NULL,Lock Washer 5,1000,750,0,NULL,NULL
144,NULL,NULL,Lock Washer 10,1000,750,0,NULL,NULL
145,NULL,NULL,Lock Washer 6,1000,750,0,NULL,NULL
146,NULL,NULL,Lock Washer 13,1000,750,0,NULL,NULL
147,NULL,NULL,Lock Washer 8,1000,750,0,NULL,NULL
148,NULL,NULL,Lock Washer 1,1000,750,0,NULL,NULL
149,NULL,NULL,Lock Washer 7,1000,750,0,NULL,NULL
150,NULL,NULL,Lock Washer 12,1000,750,0,NULL,NULL
151,NULL,NULL,Lock Washer 2,1000,750,0,NULL,NULL
152,NULL,NULL,Lock Washer 9,1000,750,0,NULL,NULL
153,NULL,NULL,Lock Washer 3,1000,750,0,NULL,NULL
154,NULL,NULL,Lock Washer 11,1000,750,0,NULL,NULL
155,NULL,NULL,Metal Angle,1000,750,0,NULL,NULL
156,NULL,NULL,Metal Bar 1,1000,750,0,NULL,NULL
157,NULL,NULL,Metal Bar 2,1000,750,0,NULL,NULL
158,NULL,NULL,Metal Plate 2,1000,750,0,NULL,NULL
159,NULL,NULL,Metal Plate 1,1000,750,0,NULL,NULL
160,NULL,NULL,Metal Plate 3,1000,750,0,NULL,NULL
161,NULL,NULL,Metal Sheet 2,1000,750,0,NULL,NULL
162,NULL,NULL,Metal Sheet 3,1000,750,0,NULL,NULL
163,NULL,NULL,Metal Sheet 7,1000,750,0,NULL,NULL
164,NULL,NULL,Metal Sheet 4,1000,750,0,NULL,NULL
165,NULL,NULL,Metal Sheet 5,1000,750,0,NULL,NULL
166,NULL,NULL,Metal Sheet 6,1000,750,0,NULL,NULL
167,NULL,NULL,Metal Sheet 1,1000,750,0,NULL,NULL
168,NULL,NULL,Metal Tread Plate,1000,750,0,NULL,NULL
169,NULL,NULL,LL Nipple,1000,750,0,NULL,NULL
170,NULL,NULL,HL Nipple,1000,750,0,NULL,NULL
171,NULL,NULL,Paint - Black,60,45,0,NULL,NULL
172,NULL,NULL,Paint - Red,60,45,0,NULL,NULL
173,NULL,NULL,Paint - Silver,60,45,0,NULL,NULL
174,NULL,NULL,Paint - Blue,60,45,0,NULL,NULL
175,NULL,NULL,Paint - Yellow,60,45,0,NULL,NULL
176,NULL,NULL,Pinch Bolt,1000,750,0,NULL,NULL
177,NULL,NULL,Cup-Shaped Race,1000,750,0,NULL,NULL
178,NULL,NULL,Cone-Shaped Race,1000,750,0,NULL,NULL
179,NULL,NULL,Reflector,1000,750,0,NULL,NULL
180,NULL,NULL,LL Mountain Rim,800,600,0,NULL,NULL
181,NULL,NULL,ML Mountain Rim,800,600,0,NULL,NULL
182,NULL,NULL,HL Mountain Rim,800,600,0,NULL,NULL
183,NULL,NULL,LL Road Rim,800,600,0,NULL,NULL
184,NULL,NULL,ML Road Rim,800,600,0,NULL,NULL
185,NULL,NULL,HL Road Rim,800,600,0,NULL,NULL
186,NULL,NULL,Touring Rim,800,600,0,NULL,NULL
187,NULL,NULL,LL Mountain Seat Assembly,500,375,1,NULL,NULL
188,NULL,NULL,ML Mountain Seat Assembly,500,375,1,NULL,NULL
189,NULL,NULL,HL Mountain Seat Assembly,500,375,1,NULL,NULL
190,NULL,NULL,LL Road Seat Assembly,500,375,1,NULL,NULL
191,NULL,NULL,ML Road Seat Assembly,500,375,1,NULL,NULL
192,NULL,NULL,HL Road Seat Assembly,500,375,1,NULL,NULL
193,NULL,NULL,LL Touring Seat Assembly,500,375,1,NULL,NULL
194,NULL,NULL,ML Touring Seat Assembly,500,375,1,NULL,NULL
195,NULL,NULL,HL Touring Seat Assembly,500,375,1,NULL,NULL
196,NULL,NULL,LL Spindle/Axle,500,375,0,NULL,NULL
197,NULL,NULL,HL Spindle/Axle,500,375,0,NULL,NULL
198,NULL,NULL,LL Shell,800,600,0,NULL,NULL
199,NULL,NULL,HL Shell,800,600,0,NULL,NULL
200,NULL,NULL,Spokes,1000,750,0,NULL,NULL
201,NULL,NULL,Seat Lug,1000,750,0,NULL,NULL
202,NULL,NULL,Stem,500,375,1,NULL,NULL
203,NULL,NULL,Seat Post,500,375,0,NULL,NULL
204,NULL,NULL,Steerer,500,375,1,NULL,NULL
205,NULL,NULL,Seat Stays,800,600,1,NULL,NULL
206,NULL,NULL,Seat Tube,500,375,1,NULL,NULL
207,NULL,NULL,Top Tube,500,375,1,NULL,NULL
208,NULL,NULL,Tension Pulley,800,600,0,NULL,NULL
209,NULL,NULL,Rear Derailleur Cage,500,375,0,NULL,NULL
210,NULL,NULL,"HL Road Frame - Black, 58",500,375,1,NULL,NULL
211,NULL,NULL,"HL Road Frame - Red, 58",500,375,1,NULL,NULL
212,NULL,NULL,"Sport-100 Helmet, Red",4,3,0,NULL,NULL
213,NULL,NULL,"Sport-100 Helmet, Red",4,3,0,NULL,NULL
214,NULL,NULL,"Sport-100 Helmet, Red",4,3,0,NULL,NULL
215,NULL,NULL,"Sport-100 Helmet, Black",4,3,0,NULL,NULL
216,NULL,NULL,"Sport-100 Helmet, Black",4,3,0,NULL,NULL
217,NULL,NULL,"Sport-100 Helmet, Black",4,3,0,NULL,NULL
218,NULL,NULL,"Mountain Bike Socks, M",4,3,0,NULL,NULL
219,NULL,NULL,"Mountain Bike Socks, L",4,3,0,NULL,NULL
220,NULL,NULL,"Sport-100 Helmet, Blue",4,3,0,NULL,NULL
221,NULL,NULL,"Sport-100 Helmet, Blue",4,3,0,NULL,NULL
222,NULL,NULL,"Sport-100 Helmet, Blue",4,3,0,NULL,NULL
223,NULL,NULL,AWC Logo Cap,4,3,0,NULL,NULL
224,NULL,NULL,AWC Logo Cap,4,3,0,NULL,NULL
225,NULL,NULL,AWC Logo Cap,4,3,0,NULL,NULL
226,NULL,NULL,"Long-Sleeve Logo Jersey, S",4,3,0,NULL,NULL
227,NULL,NULL,"Long-Sleeve Logo Jersey, S",4,3,0,NULL,NULL
228,NULL,NULL,"Long-Sleeve Logo Jersey, S",4,3,0,NULL,NULL
229,NULL,NULL,"Long-Sleeve Logo Jersey, M",4,3,0,NULL,NULL
230,NULL,NULL,"Long-Sleeve Logo Jersey, M",4,3,0,NULL,NULL
231,NULL,NULL,"Long-Sleeve Logo Jersey, M",4,3,0,NULL,NULL
232,NULL,NULL,"Long-Sleeve Logo Jersey, L",4,3,0,NULL,NULL
233,NULL,NULL,"Long-Sleeve Logo Jersey, L",4,3,0,NULL,NULL
234,NULL,NULL,"Long-Sleeve Logo Jersey, L",4,3,0,NULL,NULL
235,NULL,NULL,"Long-Sleeve Logo Jersey, XL",4,3,0,NULL,NULL
236,NULL,NULL,"Long-Sleeve Logo Jersey, XL",4,3,0,NULL,NULL
237,NULL,NULL,"Long-Sleeve Logo Jersey, XL",4,3,0,NULL,NULL
238,NULL,NULL,"HL Road Frame - Red, 62",500,375,1,NULL,NULL
239,NULL,NULL,"HL Road Frame - Red, 62",500,375,1,NULL,NULL
240,NULL,NULL,"HL Road Frame - Red, 62",500,375,1,NULL,NULL
241,NULL,NULL,"HL Road Frame - Red, 44",500,375,1,NULL,NULL
242,NULL,NULL,"HL Road Frame - Red, 44",500,375,1,NULL,NULL
243,NULL,NULL,"HL Road Frame - Red, 44",500,375,1,NULL,NULL
244,NULL,NULL,"HL Road Frame - Red, 48",500,375,1,NULL,NULL
245,NULL,NULL,"HL Road Frame - Red, 48",500,375,1,NULL,NULL
246,NULL,NULL,"HL Road Frame - Red, 48",500,375,1,NULL,NULL
247,NULL,NULL,"HL Road Frame - Red, 52",500,375,1,NULL,NULL
248,NULL,NULL,"HL Road Frame - Red, 52",500,375,1,NULL,NULL
249,NULL,NULL,"HL Road Frame - Red, 52",500,375,1,NULL,NULL
250,NULL,NULL,"HL Road Frame - Red, 56",500,375,1,NULL,NULL
251,NULL,NULL,"HL Road Frame - Red, 56",500,375,1,NULL,NULL
252,NULL,NULL,"HL Road Frame - Red, 56",500,375,1,NULL,NULL
253,NULL,NULL,"LL Road Frame - Black, 58",500,375,1,NULL,NULL
254,NULL,NULL,"LL Road Frame - Black, 58",500,375,1,NULL,NULL
255,NULL,NULL,"LL Road Frame - Black, 58",500,375,1,NULL,NULL
256,NULL,NULL,"LL Road Frame - Black, 60",500,375,1,NULL,NULL
257,NULL,NULL,"LL Road Frame - Black, 60",500,375,1,NULL,NULL
258,NULL,NULL,"LL Road Frame - Black, 60",500,375,1,NULL,NULL
259,NULL,NULL,"LL Road Frame - Black, 62",500,375,1,NULL,NULL
260,NULL,NULL,"LL Road Frame - Black, 62",500,375,1,NULL,NULL
261,NULL,NULL,"LL Road Frame - Black, 62",500,375,1,NULL,NULL
262,NULL,NULL,"LL Road Frame - Red, 44",500,375,1,NULL,NULL
263,NULL,NULL,"LL Road Frame - Red, 44",500,375,1,NULL,NULL
264,NULL,NULL,"LL Road Frame - Red, 48",500,375,1,NULL,NULL
265,NULL,NULL,"LL Road Frame - Red, 48",500,375,1,NULL,NULL
266,NULL,NULL,"LL Road Frame - Red, 52",500,375,1,NULL,NULL
267,NULL,NULL,"LL Road Frame - Red, 52",500,375,1,NULL,NULL
268,NULL,NULL,"LL Road Frame - Red, 58",500,375,1,NULL,NULL
269,NULL,NULL,"LL Road Frame - Red, 58",500,375,1,NULL,NULL
270,NULL,NULL,"LL Road Frame - Red, 60",500,375,1,NULL,NULL
271,NULL,NULL,"LL Road Frame - Red, 60",500,375,1,NULL,NULL
272,NULL,NULL,"LL Road Frame - Red, 62",500,375,1,NULL,NULL
273,NULL,NULL,"LL Road Frame - Red, 62",500,375,1,NULL,NULL
274,NULL,NULL,"ML Road Frame - Red, 44",500,375,1,NULL,NULL
275,NULL,NULL,"ML Road Frame - Red, 48",500,375,1,NULL,NULL
276,NULL,NULL,"ML Road Frame - Red, 52",500,375,1,NULL,NULL
277,NULL,NULL,"ML Road Frame - Red, 58",500,375,1,NULL,NULL
278,NULL,NULL,"ML Road Frame - Red, 60",500,375,1,NULL,NULL
279,NULL,NULL,"LL Road Frame - Black, 44",500,375,1,NULL,NULL
280,NULL,NULL,"LL Road Frame - Black, 44",500,375,1,NULL,NULL
281,NULL,NULL,"LL Road Frame - Black, 44",500,375,1,NULL,NULL
282,NULL,NULL,"LL Road Frame - Black, 48",500,375,1,NULL,NULL
283,NULL,NULL,"LL Road Frame - Black, 48",500,375,1,NULL,NULL
284,NULL,NULL,"LL Road Frame - Black, 48",500,375,1,NULL,NULL
285,NULL,NULL,"LL Road Frame - Black, 52",500,375,1,NULL,NULL
286,NULL,NULL,"LL Road Frame - Black, 52",500,375,1,NULL,NULL
287,NULL,NULL,"LL Road Frame - Black, 52",500,375,1,NULL,NULL
288,NULL,NULL,"HL Mountain Frame - Silver, 42",500,375,1,NULL,NULL
289,NULL,NULL,"HL Mountain Frame - Silver, 42",500,375,1,NULL,NULL
290,NULL,NULL,"HL Mountain Frame - Silver, 42",500,375,1,NULL,NULL
291,NULL,NULL,"HL Mountain Frame - Silver, 44",500,375,1,NULL,NULL
292,NULL,NULL,"HL Mountain Frame - Silver, 48",500,375,1,NULL,NULL
293,NULL,NULL,"HL Mountain Frame - Silver, 46",500,375,1,NULL,NULL
294,NULL,NULL,"HL Mountain Frame - Silver, 46",500,375,1,NULL,NULL
295,NULL,NULL,"HL Mountain Frame - Silver, 46",500,375,1,NULL,NULL
296,NULL,NULL,"HL Mountain Frame - Black, 42",500,375,1,NULL,NULL
297,NULL,NULL,"HL Mountain Frame - Black, 42",500,375,1,NULL,NULL
298,NULL,NULL,"HL Mountain Frame - Black, 42",500,375,1,NULL,NULL
299,NULL,NULL,"HL Mountain Frame - Black, 44",500,375,1,NULL,NULL
300,NULL,NULL,"HL Mountain Frame - Black, 48",500,375,1,NULL,NULL
301,NULL,NULL,"HL Mountain Frame - Black, 46",500,375,1,NULL,NULL
302,NULL,NULL,"HL Mountain Frame - Black, 46",500,375,1,NULL,NULL
303,NULL,NULL,"HL Mountain Frame - Black, 46",500,375,1,NULL,NULL
304,NULL,NULL,"HL Mountain Frame - Black, 38",500,375,2,NULL,NULL
305,NULL,NULL,"HL Mountain Frame - Black, 38",500,375,2,NULL,NULL
306,NULL,NULL,"HL Mountain Frame - Black, 38",500,375,2,NULL,NULL
307,NULL,NULL,"HL Mountain Frame - Silver, 38",500,375,2,NULL,NULL
308,NULL,NULL,"HL Mountain Frame - Silver, 38",500,375,2,NULL,NULL
309,NULL,NULL,"HL Mountain Frame - Silver, 38",500,375,2,NULL,NULL
310,NULL,NULL,"Road-150 Red, 62",100,75,4,NULL,NULL
311,NULL,NULL,"Road-150 Red, 44",100,75,4,NULL,NULL
312,NULL,NULL,"Road-150 Red, 48",100,75,4,NULL,NULL
313,NULL,NULL,"Road-150 Red, 52",100,75,4,NULL,NULL
314,NULL,NULL,"Road-150 Red, 56",100,75,4,NULL,NULL
315,NULL,NULL,"Road-450 Red, 58",100,75,4,NULL,NULL
316,NULL,NULL,"Road-450 Red, 60",100,75,4,NULL,NULL
317,NULL,NULL,"Road-450 Red, 44",100,75,4,NULL,NULL
318,NULL,NULL,"Road-450 Red, 48",100,75,4,NULL,NULL
319,NULL,NULL,"Road-450 Red, 52",100,75,4,NULL,NULL
320,NULL,NULL,"Road-650 Red, 58",100,75,4,NULL,NULL
321,NULL,NULL,"Road-650 Red, 58",100,75,4,NULL,NULL
322,NULL,NULL,"Road-650 Red, 60",100,75,4,NULL,NULL
323,NULL,NULL,"Road-650 Red, 60",100,75,4,NULL,NULL
324,NULL,NULL,"Road-650 Red, 62",100,75,4,NULL,NULL
325,NULL,NULL,"Road-650 Red, 62",100,75,4,NULL,NULL
326,NULL,NULL,"Road-650 Red, 44",100,75,4,NULL,NULL
327,NULL,NULL,"Road-650 Red, 44",100,75,4,NULL,NULL
328,NULL,NULL,"Road-650 Red, 48",100,75,4,NULL,NULL
329,NULL,NULL,"Road-650 Red, 48",100,75,4,NULL,NULL
330,NULL,NULL,"Road-650 Red, 52",100,75,4,NULL,NULL
331,NULL,NULL,"Road-650 Red, 52",100,75,4,NULL,NULL
332,NULL,NULL,"Road-650 Black, 58",100,75,4,NULL,NULL
333,NULL,NULL,"Road-650 Black, 58",100,75,4,NULL,NULL
334,NULL,NULL,"Road-650 Black, 60",100,75,4,NULL,NULL
335,NULL,NULL,"Road-650 Black, 60",100,75,4,NULL,NULL
336,NULL,NULL,"Road-650 Black, 62",100,75,4,NULL,NULL
337,NULL,NULL,"Road-650 Black, 62",100,75,4,NULL,NULL
338,NULL,NULL,"Road-650 Black, 44",100,75,4,NULL,NULL
339,NULL,NULL,"Road-650 Black, 44",100,75,4,NULL,NULL
340,NULL,NULL,"Road-650 Black, 48",100,75,4,NULL,NULL
341,NULL,NULL,"Road-650 Black, 48",100,75,4,NULL,NULL
342,NULL,NULL,"Road-650 Black, 52",100,75,4,NULL,NULL
343,NULL,NULL,"Road-650 Black, 52",100,75,4,NULL,NULL
344,NULL,NULL,"Mountain-100 Silver, 38",100,75,4,NULL,NULL
345,NULL,NULL,"Mountain-100 Silver, 42",100,75,4,NULL,NULL
346,NULL,NULL,"Mountain-100 Silver, 44",100,75,4,NULL,NULL
347,NULL,NULL,"Mountain-100 Silver, 48",100,75,4,NULL,NULL
348,NULL,NULL,"Mountain-100 Black, 38",100,75,4,NULL,NULL
349,NULL,NULL,"Mountain-100 Black, 42",100,75,4,NULL,NULL
350,NULL,NULL,"Mountain-100 Black, 44",100,75,4,NULL,NULL
351,NULL,NULL,"Mountain-100 Black, 48",100,75,4,NULL,NULL
352,NULL,NULL,"Mountain-200 Silver, 38",100,75,4,NULL,NULL
353,NULL,NULL,"Mountain-200 Silver, 38",100,75,4,NULL,NULL
354,NULL,NULL,"Mountain-200 Silver, 42",100,75,4,NULL,NULL
355,NULL,NULL,"Mountain-200 Silver, 42",100,75,4,NULL,NULL
356,NULL,NULL,"Mountain-200 Silver, 46",100,75,4,NULL,NULL
357,NULL,NULL,"Mountain-200 Silver, 46",100,75,4,NULL,NULL
358,NULL,NULL,"Mountain-200 Black, 38",100,75,4,NULL,NULL
359,NULL,NULL,"Mountain-200 Black, 38",100,75,4,NULL,NULL
360,NULL,NULL,"Mountain-200 Black, 42",100,75,4,NULL,NULL
361,NULL,NULL,"Mountain-200 Black, 42",100,75,4,NULL,NULL
362,NULL,NULL,"Mountain-200 Black, 46",100,75,4,NULL,NULL
363,NULL,NULL,"Mountain-200 Black, 46",100,75,4,NULL,NULL
364,NULL,NULL,"Mountain-300 Black, 38",100,75,4,NULL,NULL
365,NULL,NULL,"Mountain-300 Black, 40",100,75,4,NULL,NULL
366,NULL,NULL,"Mountain-300 Black, 44",100,75,4,NULL,NULL
367,NULL,NULL,"Mountain-300 Black, 48",100,75,4,NULL,NULL
368,NULL,NULL,"Road-250 Red, 44",100,75,4,NULL,NULL
369,NULL,NULL,"Road-250 Red, 48",100,75,4,NULL,NULL
370,NULL,NULL,"Road-250 Red, 52",100,75,4,NULL,NULL
371,NULL,NULL,"Road-250 Red, 58",100,75,4,NULL,NULL
372,NULL,NULL,"Road-250 Red, 58",100,75,4,NULL,NULL
373,NULL,NULL,"Road-250 Black, 44",100,75,4,NULL,NULL
374,NULL,NULL,"Road-250 Black, 44",100,75,4,NULL,NULL
375,NULL,NULL,"Road-250 Black, 48",100,75,4,NULL,NULL
376,NULL,NULL,"Road-250 Black, 48",100,75,4,NULL,NULL
377,NULL,NULL,"Road-250 Black, 52",100,75,4,NULL,NULL
378,NULL,NULL,"Road-250 Black, 52",100,75,4,NULL,NULL
379,NULL,NULL,"Road-250 Black, 58",100,75,4,NULL,NULL
380,NULL,NULL,"Road-250 Black, 58",100,75,4,NULL,NULL
381,NULL,NULL,"Road-550-W Yellow, 38",100,75,4,NULL,NULL
382,NULL,NULL,"Road-550-W Yellow, 38",100,75,4,NULL,NULL
383,NULL,NULL,"Road-550-W Yellow, 40",100,75,4,NULL,NULL
384,NULL,NULL,"Road-550-W Yellow, 40",100,75,4,NULL,NULL
385,NULL,NULL,"Road-550-W Yellow, 42",100,75,4,NULL,NULL
386,NULL,NULL,"Road-550-W Yellow, 42",100,75,4,NULL,NULL
387,NULL,NULL,"Road-550-W Yellow, 44",100,75,4,NULL,NULL
388,NULL,NULL,"Road-550-W Yellow, 44",100,75,4,NULL,NULL
389,NULL,NULL,"Road-550-W Yellow, 48",100,75,4,NULL,NULL
390,NULL,NULL,"Road-550-W Yellow, 48",100,75,4,NULL,NULL
391,NULL,NULL,LL Fork,500,375,1,NULL,NULL
392,NULL,NULL,ML Fork,500,375,1,NULL,NULL
393,NULL,NULL,HL Fork,500,375,1,NULL,NULL
394,NULL,NULL,LL Headset,500,375,1,NULL,NULL
395,NULL,NULL,ML Headset,500,375,1,NULL,NULL
396,NULL,NULL,HL Headset,500,375,1,NULL,NULL
397,NULL,NULL,LL Mountain Handlebars,500,375,1,NULL,NULL
398,NULL,NULL,LL Mountain Handlebars,500,375,1,NULL,NULL
399,NULL,NULL,ML Mountain Handlebars,500,375,1,NULL,NULL
400,NULL,NULL,ML Mountain Handlebars,500,375,1,NULL,NULL
401,NULL,NULL,HL Mountain Handlebars,500,375,1,NULL,NULL
402,NULL,NULL,HL Mountain Handlebars,500,375,1,NULL,NULL
403,NULL,NULL,LL Road Handlebars,500,375,1,NULL,NULL
404,NULL,NULL,LL Road Handlebars,500,375,1,NULL,NULL
405,NULL,NULL,ML Road Handlebars,500,375,1,NULL,NULL
406,NULL,NULL,ML Road Handlebars,500,375,1,NULL,NULL
407,NULL,NULL,HL Road Handlebars,500,375,1,NULL,NULL
408,NULL,NULL,HL Road Handlebars,500,375,1,NULL,NULL
409,NULL,NULL,"ML Mountain Frame - Black, 38",500,375,2,NULL,NULL
410,NULL,NULL,LL Mountain Front Wheel,500,375,1,NULL,NULL
411,NULL,NULL,ML Mountain Front Wheel,500,375,1,NULL,NULL
412,NULL,NULL,HL Mountain Front Wheel,500,375,1,NULL,NULL
413,NULL,NULL,LL Road Front Wheel,500,375,1,NULL,NULL
414,NULL,NULL,ML Road Front Wheel,500,375,1,NULL,NULL
415,NULL,NULL,HL Road Front Wheel,500,375,1,NULL,NULL
416,NULL,NULL,Touring Front Wheel,500,375,1,NULL,NULL
417,NULL,NULL,"ML Road Frame-W - Yellow, 38",500,375,2,NULL,NULL
418,NULL,NULL,"ML Road Frame-W - Yellow, 38",500,375,2,NULL,NULL
419,NULL,NULL,LL Mountain Rear Wheel,500,375,1,NULL,NULL
420,NULL,NULL,ML Mountain Rear Wheel,500,375,1,NULL,NULL
421,NULL,NULL,HL Mountain Rear Wheel,500,375,1,NULL,NULL
422,NULL,NULL,LL Road Rear Wheel,500,375,1,NULL,NULL
423,NULL,NULL,ML Road Rear Wheel,500,375,1,NULL,NULL
424,NULL,NULL,HL Road Rear Wheel,500,375,1,NULL,NULL
425,NULL,NULL,Touring Rear Wheel,500,375,1,NULL,NULL
426,NULL,NULL,"ML Mountain Frame - Black, 40",500,375,1,NULL,NULL
427,NULL,NULL,"ML Mountain Frame - Black, 44",500,375,1,NULL,NULL
428,NULL,NULL,"ML Mountain Frame - Black, 48",500,375,1,NULL,NULL
429,NULL,NULL,"ML Road Frame-W - Yellow, 40",500,375,1,NULL,NULL
430,NULL,NULL,"ML Road Frame-W - Yellow, 40",500,375,1,NULL,NULL
431,NULL,NULL,"ML Road Frame-W - Yellow, 42",500,375,1,NULL,NULL
432,NULL,NULL,"ML Road Frame-W - Yellow, 42",500,375,1,NULL,NULL
433,NULL,NULL,"ML Road Frame-W - Yellow, 44",500,375,1,NULL,NULL
434,NULL,NULL,"ML Road Frame-W - Yellow, 44",500,375,1,NULL,NULL
435,NULL,NULL,"ML Road Frame-W - Yellow, 48",500,375,1,NULL,NULL
436,NULL,NULL,"ML Road Frame-W - Yellow, 48",500,375,1,NULL,NULL
437,NULL,NULL,"HL Road Frame - Black, 62",500,375,1,NULL,NULL
438,NULL,NULL,"HL Road Frame - Black, 62",500,375,1,NULL,NULL
439,NULL,NULL,"HL Road Frame - Black, 44",500,375,1,NULL,NULL
440,NULL,NULL,"HL Road Frame - Black, 44",500,375,1,NULL,NULL
441,NULL,NULL,"HL Road Frame - Black, 48",500,375,1,NULL,NULL
442,NULL,NULL,"HL Road Frame - Black, 48",500,375,1,NULL,NULL
443,NULL,NULL,"HL Road Frame - Black, 52",500,375,1,NULL,NULL
444,NULL,NULL,"HL Road Frame - Black, 52",500,375,1,NULL,NULL
445,NULL,NULL,"Men's Sports Shorts, S",4,3,0,NULL,NULL
446,NULL,NULL,"Touring-Panniers, Large",4,3,0,NULL,NULL
447,NULL,NULL,Cable Lock,4,3,0,NULL,NULL
448,NULL,NULL,Minipump,4,3,0,NULL,NULL
449,NULL,NULL,Mountain Pump,4,3,0,NULL,NULL
450,NULL,NULL,Taillights - Battery-Powered,4,3,0,NULL,NULL
451,NULL,NULL,Headlights - Dual-Beam,4,3,0,NULL,NULL
452,NULL,NULL,Headlights - Weatherproof,4,3,0,NULL,NULL
453,NULL,NULL,"Men's Sports Shorts, M",4,3,0,NULL,NULL
454,NULL,NULL,"Men's Sports Shorts, L",4,3,0,NULL,NULL
455,NULL,NULL,"Men's Sports Shorts, XL",4,3,0,NULL,NULL
456,NULL,NULL,"Women's Tights, S",4,3,0,NULL,NULL
457,NULL,NULL,"Women's Tights, M",4,3,0,NULL,NULL
458,NULL,NULL,"Women's Tights, L",4,3,0,NULL,NULL
459,NULL,NULL,"Men's Bib-Shorts, S",4,3,0,NULL,NULL
460,NULL,NULL,"Men's Bib-Shorts, M",4,3,0,NULL,NULL
461,NULL,NULL,"Men's Bib-Shorts, L",4,3,0,NULL,NULL
462,NULL,NULL,"Half-Finger Gloves, S",4,3,0,NULL,NULL
463,NULL,NULL,"Half-Finger Gloves, S",4,3,0,NULL,NULL
464,NULL,NULL,"Half-Finger Gloves, M",4,3,0,NULL,NULL
465,NULL,NULL,"Half-Finger Gloves, M",4,3,0,NULL,NULL
466,NULL,NULL,"Half-Finger Gloves, L",4,3,0,NULL,NULL
467,NULL,NULL,"Half-Finger Gloves, L",4,3,0,NULL,NULL
468,NULL,NULL,"Full-Finger Gloves, S",4,3,0,NULL,NULL
469,NULL,NULL,"Full-Finger Gloves, M",4,3,0,NULL,NULL
470,NULL,NULL,"Full-Finger Gloves, L",4,3,0,NULL,NULL
471,NULL,NULL,"Classic Vest, S",4,3,0,NULL,NULL
472,NULL,NULL,"Classic Vest, M",4,3,0,NULL,NULL
473,NULL,NULL,"Classic Vest, L",4,3,0,NULL,NULL
474,NULL,NULL,"Women's Mountain Shorts, S",4,3,0,NULL,NULL
475,NULL,NULL,"Women's Mountain Shorts, M",4,3,0,NULL,NULL
476,NULL,NULL,"Women's Mountain Shorts, L",4,3,0,NULL,NULL
477,NULL,NULL,Water Bottle - 30 oz.,4,3,0,NULL,NULL
478,NULL,NULL,Mountain Bottle Cage,4,3,0,NULL,NULL
479,NULL,NULL,Road Bottle Cage,4,3,0,NULL,NULL
480,NULL,NULL,Patch Kit/8 Patches,4,3,0,NULL,NULL
481,NULL,NULL,"Racing Socks, M",4,3,0,NULL,NULL
482,NULL,NULL,"Racing Socks, L",4,3,0,NULL,NULL
483,NULL,NULL,Hitch Rack - 4-Bike,4,3,0,NULL,NULL
484,NULL,NULL,Bike Wash - Dissolver,4,3,0,NULL,NULL
485,NULL,NULL,Fender Set - Mountain,4,3,0,NULL,NULL
486,NULL,NULL,All-Purpose Bike Stand,4,3,0,NULL,NULL
487,NULL,NULL,Hydration Pack - 70 oz.,4,3,0,NULL,NULL
488,NULL,NULL,"Short-Sleeve Classic Jersey, S",4,3,0,NULL,NULL
489,NULL,NULL,"Short-Sleeve Classic Jersey, M",4,3,0,NULL,NULL
490,NULL,NULL,"Short-Sleeve Classic Jersey, L",4,3,0,NULL,NULL
491,NULL,NULL,"Short-Sleeve Classic Jersey, XL",4,3,0,NULL,NULL
492,NULL,NULL,"HL Touring Frame - Yellow, 60",500,375,1,NULL,NULL
493,NULL,NULL,"LL Touring Frame - Yellow, 62",500,375,1,NULL,NULL
494,NULL,NULL,"HL Touring Frame - Yellow, 46",500,375,1,NULL,NULL
495,NULL,NULL,"HL Touring Frame - Yellow, 50",500,375,1,NULL,NULL
496,NULL,NULL,"HL Touring Frame - Yellow, 54",500,375,1,NULL,NULL
497,NULL,NULL,"HL Touring Frame - Blue, 46",500,375,1,NULL,NULL
498,NULL,NULL,"HL Touring Frame - Blue, 50",500,375,1,NULL,NULL
499,NULL,NULL,"HL Touring Frame - Blue, 54",500,375,1,NULL,NULL
500,NULL,NULL,"HL Touring Frame - Blue, 60",500,375,1,NULL,NULL
501,NULL,NULL,Rear Derailleur,500,375,1,NULL,NULL
502,NULL,NULL,"LL Touring Frame - Blue, 50",500,375,1,NULL,NULL
503,NULL,NULL,"LL Touring Frame - Blue, 54",500,375,1,NULL,NULL
504,NULL,NULL,"LL Touring Frame - Blue, 58",500,375,1,NULL,NULL
505,NULL,NULL,"LL Touring Frame - Blue, 62",500,375,1,NULL,NULL
506,NULL,NULL,"LL Touring Frame - Yellow, 44",500,375,1,NULL,NULL
507,NULL,NULL,"LL Touring Frame - Yellow, 50",500,375,1,NULL,NULL
508,NULL,NULL,"LL Touring Frame - Yellow, 54",500,375,1,NULL,NULL
509,NULL,NULL,"LL Touring Frame - Yellow, 58",500,375,1,NULL,NULL
510,NULL,NULL,"LL Touring Frame - Blue, 44",500,375,1,NULL,NULL
511,NULL,NULL,"ML Mountain Frame-W - Silver, 40",500,375,1,NULL,NULL
512,NULL,NULL,"ML Mountain Frame-W - Silver, 42",500,375,1,NULL,NULL
513,NULL,NULL,"ML Mountain Frame-W - Silver, 46",500,375,1,NULL,NULL
514,NULL,NULL,Rear Brakes,500,375,1,NULL,NULL
515,NULL,NULL,LL Mountain Seat/Saddle,500,375,1,NULL,NULL
516,NULL,NULL,ML Mountain Seat/Saddle,500,375,1,NULL,NULL
517,NULL,NULL,HL Mountain Seat/Saddle,500,375,1,NULL,NULL
518,NULL,NULL,LL Road Seat/Saddle,500,375,1,NULL,NULL
519,NULL,NULL,ML Road Seat/Saddle,500,375,1,NULL,NULL
520,NULL,NULL,HL Road Seat/Saddle,500,375,1,NULL,NULL
521,NULL,NULL,LL Touring Seat/Saddle,500,375,1,NULL,NULL
522,NULL,NULL,ML Touring Seat/Saddle,500,375,1,NULL,NULL
523,NULL,NULL,HL Touring Seat/Saddle,500,375,1,NULL,NULL
524,NULL,NULL,"LL Mountain Frame - Silver, 42",500,375,1,NULL,NULL
525,NULL,NULL,"LL Mountain Frame - Silver, 44",500,375,1,NULL,NULL
526,NULL,NULL,"LL Mountain Frame - Silver, 48",500,375,1,NULL,NULL
527,NULL,NULL,"LL Mountain Frame - Silver, 52",500,375,1,NULL,NULL
528,NULL,NULL,Mountain Tire Tube,500,375,0,NULL,NULL
529,NULL,NULL,Road Tire Tube,500,375,0,NULL,NULL
530,NULL,NULL,Touring Tire Tube,500,375,0,NULL,NULL
531,NULL,NULL,"LL Mountain Frame - Black, 42",500,375,1,NULL,NULL
532,NULL,NULL,"LL Mountain Frame - Black, 44",500,375,1,NULL,NULL
533,NULL,NULL,"LL Mountain Frame - Black, 48",500,375,1,NULL,NULL
534,NULL,NULL,"LL Mountain Frame - Black, 52",500,375,1,NULL,NULL
535,NULL,NULL,LL Mountain Tire,500,375,0,NULL,NULL
536,NULL,NULL,ML Mountain Tire,500,375,0,NULL,NULL
537,NULL,NULL,HL Mountain Tire,500,375,0,NULL,NULL
538,NULL,NULL,LL Road Tire,500,375,0,NULL,NULL
539,NULL,NULL,ML Road Tire,500,375,0,NULL,NULL
540,NULL,NULL,HL Road Tire,500,375,0,NULL,NULL
541,NULL,NULL,Touring Tire,500,375,0,NULL,NULL
542,NULL,NULL,LL Mountain Pedal,500,375,1,NULL,NULL
543,NULL,NULL,ML Mountain Pedal,500,375,1,NULL,NULL
544,NULL,NULL,HL Mountain Pedal,500,375,1,NULL,NULL
545,NULL,NULL,LL Road Pedal,500,375,1,NULL,NULL
546,NULL,NULL,ML Road Pedal,500,375,1,NULL,NULL
547,NULL,NULL,HL Road Pedal,500,375,1,NULL,NULL
548,NULL,NULL,Touring Pedal,500,375,1,NULL,NULL
549,NULL,NULL,"ML Mountain Frame-W - Silver, 38",500,375,2,NULL,NULL
550,NULL,NULL,"LL Mountain Frame - Black, 40",500,375,2,NULL,NULL
551,NULL,NULL,"LL Mountain Frame - Silver, 40",500,375,2,NULL,NULL
552,NULL,NULL,Front Derailleur,500,375,1,NULL,NULL
553,NULL,NULL,LL Touring Handlebars,500,375,1,NULL,NULL
554,NULL,NULL,HL Touring Handlebars,500,375,1,NULL,NULL
555,NULL,NULL,Front Brakes,500,375,1,NULL,NULL
556,NULL,NULL,LL Crankset,500,375,1,NULL,NULL
557,NULL,NULL,ML Crankset,500,375,1,NULL,NULL
558,NULL,NULL,HL Crankset,500,375,1,NULL,NULL
559,NULL,NULL,Chain,500,375,1,NULL,NULL
560,NULL,NULL,"Touring-2000 Blue, 60",100,75,4,NULL,NULL
561,NULL,NULL,"Touring-1000 Yellow, 46",100,75,4,NULL,NULL
562,NULL,NULL,"Touring-1000 Yellow, 50",100,75,4,NULL,NULL
563,NULL,NULL,"Touring-1000 Yellow, 54",100,75,4,NULL,NULL
564,NULL,NULL,"Touring-1000 Yellow, 60",100,75,4,NULL,NULL
565,NULL,NULL,"Touring-3000 Blue, 54",100,75,4,NULL,NULL
566,NULL,NULL,"Touring-3000 Blue, 58",100,75,4,NULL,NULL
567,NULL,NULL,"Touring-3000 Blue, 62",100,75,4,NULL,NULL
568,NULL,NULL,"Touring-3000 Yellow, 44",100,75,4,NULL,NULL
569,NULL,NULL,"Touring-3000 Yellow, 50",100,75,4,NULL,NULL
570,NULL,NULL,"Touring-3000 Yellow, 54",100,75,4,NULL,NULL
571,NULL,NULL,"Touring-3000 Yellow, 58",100,75,4,NULL,NULL
572,NULL,NULL,"Touring-3000 Yellow, 62",100,75,4,NULL,NULL
573,NULL,NULL,"Touring-1000 Blue, 46",100,75,4,NULL,NULL
574,NULL,NULL,"Touring-1000 Blue, 50",100,75,4,NULL,NULL
575,NULL,NULL,"Touring-1000 Blue, 54",100,75,4,NULL,NULL
576,NULL,NULL,"Touring-1000 Blue, 60",100,75,4,NULL,NULL
577,NULL,NULL,"Touring-2000 Blue, 46",100,75,4,NULL,NULL
578,NULL,NULL,"Touring-2000 Blue, 50",100,75,4,NULL,NULL
579,NULL,NULL,"Touring-2000 Blue, 54",100,75,4,NULL,NULL
580,NULL,NULL,"Road-350-W Yellow, 40",100,75,4,NULL,NULL
581,NULL,NULL,"Road-350-W Yellow, 42",100,75,4,NULL,NULL
582,NULL,NULL,"Road-350-W Yellow, 44",100,75,4,NULL,NULL
583,NULL,NULL,"Road-350-W Yellow, 48",100,75,4,NULL,NULL
584,NULL,NULL,"Road-750 Black, 58",100,75,4,NULL,NULL
585,NULL,NULL,"Touring-3000 Blue, 44",100,75,4,NULL,NULL
586,NULL,NULL,"Touring-3000 Blue, 50",100,75,4,NULL,NULL
587,NULL,NULL,"Mountain-400-W Silver, 38",100,75,4,NULL,NULL
588,NULL,NULL,"Mountain-400-W Silver, 40",100,75,4,NULL,NULL
589,NULL,NULL,"Mountain-400-W Silver, 42",100,75,4,NULL,NULL
590,NULL,NULL,"Mountain-400-W Silver, 46",100,75,4,NULL,NULL
591,NULL,NULL,"Mountain-500 Silver, 40",100,75,4,NULL,NULL
592,NULL,NULL,"Mountain-500 Silver, 42",100,75,4,NULL,NULL
593,NULL,NULL,"Mountain-500 Silver, 44",100,75,4,NULL,NULL
594,NULL,NULL,"Mountain-500 Silver, 48",100,75,4,NULL,NULL
595,NULL,NULL,"Mountain-500 Silver, 52",100,75,4,NULL,NULL
596,NULL,NULL,"Mountain-500 Black, 40",100,75,4,NULL,NULL
597,NULL,NULL,"Mountain-500 Black, 42",100,75,4,NULL,NULL
598,NULL,NULL,"Mountain-500 Black, 44",100,75,4,NULL,NULL
599,NULL,NULL,"Mountain-500 Black, 48",100,75,4,NULL,NULL
600,NULL,NULL,"Mountain-500 Black, 52",100,75,4,NULL,NULL
601,NULL,NULL,LL Bottom Bracket,500,375,1,NULL,NULL
602,NULL,NULL,ML Bottom Bracket,500,375,1,NULL,NULL
603,NULL,NULL,HL Bottom Bracket,500,375,1,NULL,NULL
604,NULL,NULL,"Road-750 Black, 44",100,75,4,NULL,NULL
605,NULL,NULL,"Road-750 Black, 48",100,75,4,NULL,NULL
606,NULL,NULL,"Road-750 Black, 52",100,75,4,NULL,NULL
