segment,answerDate,NPS,impactInteraction,reason,improvement
2,1,0,3,Porque no quiero hacer nada con ustedes. Solo porque me pagan la n칩mina aqu칤,Nada
1,2,4,2,"Siempre que quiero mirar mis transacciones de la TC no puedo por que o esta sin datos o no estan actualizadas, cuando exporto la data sucede lo mismo. nunca han mejorada ese problema",Mejorar la informaci칩n de transacciones de la app
1,3,6,3,,"Que no se caiga tanto, y que se puedan cancelar los seguros desde la aplicaci칩n"
1,1,1,1,todo es muy costoso y no ofrecen ninguna posibilidad para los clientes,ME VOY A  RETIRAR
2,2,6,4,Se demora un poco,Ser mas r치pidos
2,3,2,2,Porque es muy complicado la comunicaci칩n,Hacerla un poco m치s personalizada
2,1,4,3,sin razon especifica,"La banca virtual esta bien, lo que no funciona bien es el banco"
1,2,6,3,Por qu칠 no cuentan con suficientes sedes y cajeros,Ampliar la cobertura
3,3,2,2,"Constantes, fallas, incompatibilidades y limitaciones","Quitar los problemas t칠cnicos, las incompatibilidades y las limitaciones."
1,1,0,1,Porque es imposible registrar otra cuenta que tengo y no hay con quien preguntar o pedir ayuda. Ademas 3 e las sucursales que mas frecuentaba las cerraron sin previo aviso.,"Dar informacion, ayudar al cliente."
1,2,1,3,En la app no es el problema,
1,3,5,4,F치cil de usar,Esta todo bien lo 칰nico es mejorar notificaci칩n por mns y correo
2,1,1,1,"Porque realice unos pagos el 29 de diciembre/23 y no han llegado a sus destinatarios, adem치s uno llama 6016057000 y nos es posible la comunicaci칩n con tantas preguntas que hacen y no se puede comunicar directamente con personal humano. como se hacen con los demas bancos y le solucionan el problema a la persona-",No ponernos hablar con grabaciones que no resuelven el problema
2,2,5,3,,
1,3,5,3,Me reservo la respuesta,Bajar las tasas de interes
1,1,0,1,"Todas las transacciones que se realizan de forma virtual se demoran mas de 24 horas e incluso mas, as칤 se realicen antes de las 3.  Cuando se busca un cajero no se encuentra incluso de acuerdo al sector de la ciudad as칤 sea redeban.","Si, garantizar que se cumpla con los tiempos pactados. Una transacci칩n si se realiza antes de las 3 de la tarde debe llegar el mismo dia"
1,2,5,1,"Muy mal servicio y una desarganizacion total, nadie sabe lo que esta haciendo",
3,3,5,3,Frustrado con el servicio.,Tiempo perdido todo cambio
1,1,1,1,"Porqu칠 no me parece tan eficientes como otras aplicaciones como las app de Rappi, Nequi o LuloBank. Soy ingeniero de sistemas, y como experto en este campo considero que de cara al cliente, la experiencia al usuario podria mejorar bastante. Adem치s, hay funcionalidades que est치n atrasados. Por ejemplo, no puedo ingresar en la app por la noche. Otro claro ejemplo, son las transacciones hechas con las tarjetas  cr칠ditos. Estas transacciones se demoran en verse reflejadas en la app despu칠s de haberlas hechas(lo ideal es ue se evidenciaran desde el mismo momento que se hacen, a칰n as칤 aparezcan en otro estado). Hay. mucho por lo cual mejorar.","Poder acceder a la app en cualquier momento, esto incluye en la jornada nocturna(actualmente cuando ingreso en la noche a partir de determinada hora, no se puede). Otra cosa que me pareceria genial es poder realizar transacciones en la noche (asi sea colocar las transacciones en una cola de ejecucion como hacen otros bancos). Otro aspecto a mejorar es poder ver  las transacciones hechas con la tarjeta de credito inmediatamente(esto actualmente no esta pasando). Tambi칠n deberia poder ser m치 f치cil acceder a ciertas funcionalidades de la tarjeta de cr칠dito como poder bloquearla o descargar extractos de una manera m치s intuitiva."
2,2,5,2,,
2,3,0,1,Nunca funciona!!! Siempre est치 ca칤do todo,
2,1,5,2,Porque tienen una p칠sima banca virtual.,"Nada, a manos que cambien la oportunidad de uso de la banca virtual."
1,2,5,3,Normal,Nada
2,3,0,1,La p치gina es muy mala comparada con otros bancos.,Nada.
1,1,3,1,La aplicaci칩n m칩vil no me ha dejado hacer transacciones dice que no se puede. Ha fallado mucho 칰ltimamente es terrible esa aplicaci칩n. Me ha tocado hacerlo desde la banca virtual,Que arreglen esa aplicaci칩n m칩vil ha fallado mucho
2,2,5,1,"Muchos fallos para transferir a n칰meros telef칩nicos, y nunca dice que fallo",Solucionen
1,3,6,3,,
1,1,4,4,funciono para lo que la necesitaba pero hace meses atras no podia acceder ni descargar nada.No funcionaba y se bloqueaba,
2,2,6,3,la app tiene algunas fallas y demora en la carga de los detalles de algunos productos como la cuenta de ahorros o la fiducia.,La banca virtual (web) se queda a veces en blanco cuando se quieren ver los detalles de un producto.
2,3,5,4,"Facilidad de operaci칩n, falla frecuente",Garantizar operaci칩n confiable 24/7
1,1,0,1,"Es el peor banco, nunca sirven los cajeros. el cajero del exito norte nunca tiene dinero y al cajero que queda dentro del palacio del lievano (Alcaldia Mayor) no le sirve la pantalla, es imposible poder sacar el dinero y cuando uno va a poner una queja por telefono lo enrredan y no le dejan poner la queja, dicen que tiene que ser por medio de la web. son el peor banco, nunca los recomendaria",Atender las quejas por cualquier medio y estar pendientes de que los cajeros sirvan
2,2,1,1,"No brinda solicuones, siempre esta en mantenimiento.",tener respaldo en los mantenimeintos
2,3,1,3,,
1,1,5,2,No se por que fue reversada la transferencia a otra entidad bancaria,Una explicaci칩n  por que hacen operaciones que uno no ha solicitado
2,3,1,1,"No tuve ninguna aplicaci칩n con ustedes, pero sigo esperando para que por favor  me activen la banca virtual empresarial y no lo consigo, la asesorano contesta pero seguro hacen el cobro sin tenerle activa y necesito recibir unos recursos por esa l칤nea",Activarla
1,1,4,2,no todos los servicios est치n en la banca,"Deber칤an estar todos los productos en la banca, la solicitud de tarjetas de cr칠dito debe ser directamente en la app con respuesta inmediata al igual la secci칩n inversiones"
1,2,0,1,porque no sirve la descarga de certificados hace m맙 de un mes y tengo un contrato pendiente por lo anterior,que prueben las cosas frecuentemenre y evitar que esto suceda
1,3,6,3,No se resolvi칩 la situaci칩n,El men칰 es muy confuso
1,1,5,3,,
2,2,5,2,No hay atenci칩n directa para responder a las inquietudes o necesidades que uno tiene ni siquiera yendo a las oficinas lo atienden a uno para resolverle el problema,Los programas virtuales no responden al problema que uno necesita ni se lo resuelven si no lo resuelven en las oficinas menos virtualmente
1,3,6,3,"Le falta mucho por mejorar, adem치s es muy muy molesto que no funcione de 12 a 4 am",
2,1,1,3,No se actualiza los pagos de inmediato. La informaci칩n de la cuenta corriente y el cupo de sobregiro no es clara.,Que de. La informaci칩n clara de los cupos
1,2,0,1,"La tarjeta de cr칠dito registra 3 transacciones el d칤a 23 de diciembre, las cuales nunca realic칠.",Brindar garant칤as de seguridad en el manejo de los productos financieros. E indicar s칤 la tarjeta de cr칠dito est치 bloqueada o no.
1,3,0,1,No me aprueban ninguna tarjeta de credito a la que aplico,
1,1,4,3,Por nada,Nada
1,2,5,3,,
2,3,6,2,,"La verdad el banco desmejor칩 mucho en todo sentido, estoy que me llevo mis recursos a otro lado en el 2024"
1,1,0,2,,
1,2,2,1,"No funcion칩,  la tarjeta no la leen los cajeros autom치ticos de Scotiabank,  pero si funciona en otros cajeros o en los comercios cuando compro algo, es imposible hablar con un asesor por tel칠fono,  su servicio deja mucho que desear.","Arreglar su sistema,  usar las opciones sin tarjeta son demasiado complicadas y a칰n siguiendo las instrucciones, no explican todos los pasos por favor revisar como optimizar esa operaci칩n"
1,3,1,3,Por que he tenido muchos pero muchos inconvenientes con ustedes,Ser m치s honestos con el cliente
1,1,2,1,Los c칩digos de seguridad solo llegan al celular. En caso de viaje al exterior no se reciben los msn,Voy a cambiar de banco
1,2,0,1,"Porque cada vez que quiero solucionar algo me toca hacer llamadas en vez de tener asistencia directa a trav칠s de la app y para cobrar seguros ""voluntarios"" est치n solos, de los peores bancos que pueden existir en Colombia y nada que ver con Scotiabank real",Cambien a su personal de servicio al cliente y hagan un sistema m치s eficiente
1,3,5,3,,
1,1,5,3,Muy caros los intereses de la tarjeta,Ninguna
1,2,1,1,Primero. No comprendo porque llevo casi 1 a침o recibiendo correos de su instituci칩n. Pues no tengo ni he tenido ning칰n producto con ustedes. As칤 que quisiera saber porque raz칩n tienen mi correo personal asociado a una cuenta de su instituci칩n,Liberar mi correo para que no siga recibiendo datos de un producto que no poseo
2,3,6,4,Muy decepcionado porque tengo una tarjeta de cr칠dito inactiva y ya debo 124.000 $ de intereses por un producto que no uso y que aparte est치 bloqueada.,"No cobren por productos que no est치n activos, tarjetas bloqueadas y los intereses siguen"
2,1,0,1,Me bloquearon el acceso y nadie me da respuesta.,Desbloquearme
2,2,0,1,No me ayudan en nada mi virtual o presencial,Que sirva
1,3,2,2,,
1,1,6,3,,
2,2,3,3,No tienen encuenta las sugerencias,
1,3,0,3,-,-
1,1,0,1,Porque tienen un mal servicio,Dejar de cobrar por todo
1,2,0,1,"Porque la opci칩n de bloquear la tarjeta temporalmente no es para nada eficiente.
Bloquee y volv칤 a desbloquear la tarjeta 3 veces y esta no me permiti칩 volver a usarla para abolsutamente nada. 
A consecuencia de ello tuve que ir a una sede f칤sica en la cual tuve una experiencia de servicio horrible y adicional generar un cobro de 29.000 pesos por un pl치stico que no fue por ning칰n error m칤o, si no del banco.
No me
Encuentro muy contento con la aplicaci칩n en realidad","Mejor servicio al
Cliente y que la p치gina del bloqueo temporalmente sea real"
1,3,4,3,Cierran cajeros y banca virtual,"Cajeros 24 horas , por qu칠 serv칤an a cobra mucho . M치s cajeros , y banca virtual 24 horas"
1,1,2,1,No dieron soluci칩n y si perd칤 casi 50 min en espera,Mejorar
2,2,5,3,"Me bloquearon la cuenta y no es f치cil el proceso de desbloqueo, estuve esperando respuesta mucho tiempo en la oficina de Pereira, resolv칤 irme y continuo con la cuenta bloqueada. Recib칤 una llamada telef칩nica despu칠s de realizar unas transferencias, supuestamente del banco, me preguntaron datos relacionados con los movimientos y se supone que nada de eso debe suceder.",Mejor atenci칩n al usuario.
1,3,5,2,Por qu칠 cada vez que viajo casi nunca encuentro un cajero y aqu칤 en bogota tambi칠n hay pocos cajeros,"Tratar de expandirse en otros lugares como san Andr칠s, Cartagena etc y aqu칤 en bogota tambien hacen falta puntos de cajeros"
1,1,6,4,,
2,2,0,1,Intent칠 act칤vate en la app la tarjeta para retiro y aparece activo pero no le deja retirar dinero,Ayudarme urgente a activar efectivamente para poder retirar
1,3,0,2,,
1,1,6,3,es igual,
2,2,5,4,Es f치cil de usar y se ajusta a mis necesidades,"El problema son las oficinas de Scotiabank, los colaboradores no son empaticos y hacer cualquier gesti칩n toma mas tiempo, no es 치gil y piden mas soportes"
2,3,6,5,ES pr치ctica,
1,1,0,3,"Porque no recomendar칤a  Scotiabank?? Por muchas razones !! La primera subi칩 much칤simo la cuota de la tarjeta de cr칠dito. No hay servicio al cliente. Por much칤simas m치s la verdad estoy en una transici칩n de scotiabank a davivienda 
Tengo la cuenta desde 1992 algo as칤 no cada vez siento que no es mi banco.",.
1,2,4,4,Facilita la vida,M치s cajeros
2,3,1,3,,Implementar mejores estrategias para adquisi칩n de los productos y servicios del banco.
1,1,6,2,Porque la p치gina se cae mucho y ayer le hice abonos a mi tarjeta y no se ve칤a reflejado,"Que son se caiga tanto ,y tambi칠n que se vea de una vez reflejado los movimientos j"
2,2,0,1,"La banca molesta demasiado que  ni para abrir un cdt desde la aplicacion da es como tristeza los funcionarios no se toman la molestia de pasar la queja es como si no les importara el cliente , nada como la atencion de maria angelica",Contratando tecnicos para solucionar  los inconvenientes  y la atencion de los asesores pesima
3,3,6,3,Muy lentos los procesos,Que funcione m치s en l칤nea y se vean reflejados de forma inmediata.
1,1,1,3,"la atenci칩n telef칩nica es p칠sima, no tienen capacitaci칩n los asesores, no repsonden las quejas....bla, bla, bla...",capacoitar a sus funcionarios y responder las quejas
1,2,0,1,Transaciones no salen me robaran 30000,Son malos
1,3,5,3,no hay nada que me genere valor agregado respecto a otros bancos.  me es indiferente,
1,1,0,1,Es muy malo no hay cajero ni con venio con otra cajero,Pongan m치s cajero y seguros
2,2,0,1,Llevo m치s de 8 a침os siendo cliente fiel al banco y esa nueva medida de cobrar cuota de manejo en el rotativo fue lo peor q pudieron inventar. Un producto q se usa de vez en cuando para salir de situaciones dif칤ciles y le cargan cuota de manejo si no se usa???,Pensar de vez en cuando en el cliente. Mi tarjecredito tengo q hacer 12 transacciones para evitar cuota de manejo. El rotativo cuota de manejo si no se usa. En serio es hasta abusivo
1,3,2,1,"Se convirti칩 en un banco de no acceso para clientes que salen del pa칤s o  viven en el exterior. Imposible comunicarse para solicitar ayuda en caso de  no poder acceder telef칩nicamente con las claves, usuario o contrase침a porque el sistema las toma como incorrectas.",La tecnolog칤a que tienen les est치 fallando. Los clientes necesitan tener acceso con asesores humanos!!!!!!!para que le den la gu칤a y ayuda necesaria que no siempre y en muchos el contestador autom치tico no le soluciona al cliente el problema!!!!!!
2,1,0,1,,
2,2,0,1,La banca virtual es buena pero la atenci칩n personalizada es nula. Adem치s me perjudicaron al cancelar mi tarjeta de cr칠dito sin ninguna raz칩n y sin previo aviso. Obraron arbitrariamente.,"Ya estoy retirando y cancelando todos mis productos que por m치s de 35 o m치s a침os tuve desde antes de ser Banco, cuando era 춺Corpavi췉. Yo era muy joven."
1,3,4,1,"A m칤 padre le sacaron el dinero de su cuenta desde su banca virtual , el sistema es f치cilmente hackeable y eso genera desconfianza , habiendo puesto restricci칩n en el valor de sus transferencias deber칤an haberla impedido.",Blindar mejor las dos plataformas para que no haya posibilidad de que saquen el dinero tan f치cil.
1,1,6,3,,
2,2,2,1,La atenci칩n para bloquear la tarjeta fue muy complicada y tiene muchos tr치mites debe ser m치s r치pida y cuando sean compras por internet un control m치s riguroso,Tener m치s control para las compras x internet no  se puede aprobar tan r치pido
1,3,1,2,porque no se sabe donde consignar,mas canales para consignar
1,1,1,1,Malaa,Cerrarla
2,2,5,1,"Vivo fuera del pa칤s. No puedo descargar, ni instalar la app. La comunicaci칩n a trav칠s de la multil칤nea es imposible viviendo por fuera de Colombia.",Permitir que la app se pueda descargar e instalar desde fuera del pa칤s.
2,3,4,3,"Todav칤a hay muchas cosas que se deben hacer en una de sus oficinas, como avances y compras de cartera.",Mejorar
1,1,0,3,,
1,2,0,1,"Porque tuve problemas al intentar renovar un cdt. Me mostraba un error y me comunique a trav칠s del chat de soporte, pero no recib칤 ninguna respuesta al respecto.",Solucionar los problemas que presenta actualmente la renovaci칩n de cdt en mi cuenta
2,3,0,1,Nada contenta unos ladrones,
1,1,0,1,Nunca respondieron mi Derecho de Petici칩n,Ser honestos y no robar a los clientes que tenemos tarjeta de credito
1,2,3,3,"La app est치 bien, me gusta y funciona bien. El problema es que no estoy conforme con los cobros que est치n haciendo de tarjeta de cr칠dito y por eso estoy considerando retirarme, ya que est치n muy elevados los intereses de las tarjetas y los cambios que tienen sobre la cantidad de transacciones para los cobros de cuotas de manejo",Nada
2,3,0,1,El banco deja mucho que desear en todos sus servicios,"Nada, ya estoy buscando nuevo banco"
2,1,5,4,Es r치pida y confiable,Mejorar facilidades de obtener portafolio
1,2,0,1,,
2,3,1,1,"como es posible que el banco, quien administra las cuentas, me diga que no es posible reversar pagos ni aplicar desistimientos previamente autorizados con otra entidad.",aplicar de manera inmediata el desistimiento de cualquier tipo de descuento a mi cuenta de ahorros sin mi aprobaci칩n o verificaci칩n
2,1,5,3,"algunas veces no funcionan las transferencias entre cuentas, y si voy a transferir el mismo valor 2 veces seguidas no me deja","tener producto de calidad si en realidad quieren hacer todo desde un celular, yo tengo otro banco pero solo voy, si alguien me paga con cheque; las ayudas ""inteligentes"" de whatsup no sirven; mantener el soporte personal con personas con experiencia es vital."
3,2,6,2,"no con el servicio de la BV o la APP, sino con las condiciones inicalmente dadas con  los productos.",nada
1,3,3,3,"La atenci칩n en general es muy mala, ir a una agencia generalmente es a pasar un mal rato, tiempos de espera, calidad de los asesores, en general prefiero usar otras instituciones bancarias.  Tengo la cuenta por antig칲edad y porque ven칤a de Citibank, de lo contrario, poco probable escoger el banco.","La aplicaci칩n funciona relativamente bien. El problema es mucho m치s profundo. La gente, los servicios, la apertura a evaluar l칤neas de servicio."
1,1,4,1,"No brindas ninguna informaci칩n, se salen por la tangente los asesores y no le ayudan a uno ni en tel칠fono, ni virtual ni de manera presencial",Capacitar mejor a los asesores de servicio
1,2,5,3,"Siempre me pasa lo mismo. 1.- Demora en recibir el c칩digo de seguridad al celular. Me parece que siempre pasa faltando 5 minutos para la hora o comenzando los primeros 5 minutos...Cuando estoy haciendo alg칰n movimiento y me percato de ese momento, dejo para despu칠s, pues siempre se acaba el tiempo antes que poder terminar.
2.- No me gusta tener que digitar mi clave personal....","No soy un usuario frecuente y/o constante, entonces sospecho - creo, que sus controles y medidas de seguridad son excelentes y lo que me sucede a mi le debe pasar a todo el mundo."
2,3,0,3,No hay servicio las 24 horas,Full time
1,1,0,3,Porque me han negdo productos y la verdad ya ni me interesa...,nada
3,2,3,3,En CITI podia ver el record de lo trasladado a cuentas inscritas. Y eso es fundamental para mi.,incluir esa opci칩n
2,3,6,3,,
1,1,0,1,Cero soluciones,Nada
1,2,6,4,,
2,3,3,4,"No tengo ningun problema con la Banca Virtual, mi problema es con el servicio al cliente en el Banco localizado en Modelia, El servicio es pesimo y los(as) asesores actuan como si fueran los propietarios del banco.","Nada, como les dije anteriormente no tengo ningun queja con la Banca Virtual o aplicacion movil, al contrario es un buen servicio."
1,1,0,1,No dan soluci칩n alguna m치s recomendar que acuda a sede presencial,Dar soluciones y gestionar por medio de la misma
2,2,6,3,,
1,3,0,3,,
1,1,5,3,No pude comunicarme con un asesor,No poner tantas trabas para hablar con un humano
2,3,0,3,Me gustar칤a hablar con el director de cr칠ditos. Decirle lo ratas que son y poder estar personalmente resolviendo el saldo del cr칠dito que me inventaron y sigo pagando sabiendo que NO lo debo y que me est치n ROBANDO!!!,Ser honrados y devolverme el dinero de ese cr칠dito!!!
1,1,2,3,Es muy lenta,Agilizar los procesos y actualizar los saldos de los pagos y de la cuenta cuando se realiza transferencias
1,2,6,3,No hay valores agregados diferenciales frente a otras p치ginas,Innovar
2,3,4,3,"muy pocos Cajeros en la ciudad, especialmente en Armenia y los pocos que hay mantienen da침ados.  cuando se realiza una transferencia se demora mucho en ingresar a la entidad de destino",
1,1,0,1,"Cambio mucho el banco, los procesos son ineficientes, generan cobro errados y sin justificaci칩n",Cumplir con sus ofertas de valor
2,2,3,1,Se bloquea con facilidad,No pedir tantas cosas para ingresar. No exigir que cada vez que se cambie una clave sea diferente a todas las anteriores
2,3,6,2,"Porque muchas veces falla
El acceso biom칠trico, la mayor칤a de veces no se sabe la fecha de pago de un pr칠stamo ya que en cada acceso es una fecha diferente,",Hacerla m치s estable
1,1,0,1,"El men칰 no da opci칩n de contactar con asesor cuando est치s sin clave de tel칠fono y de la tarjeta, como para una emergencia... Aparte nunca llegan los c칩digos de confirmaci칩n","Asegurarse con el prestador de servicios de mensaje autom치tico que funcione. Que habiliten la opci칩n de un asesor, que permitas actualizar clave de tel칠fono y de tarjeta q no uso porque todo lo hago virtual sin necesidad de tener que sacar un nuevo pl치stico, es absurdo $16.000 para tener una clave nueva?"
2,2,2,3,"Me cancelaron mi tarjeta de cr칠dito por un problema de seguridad del banco y yo residiendo fuera del pa칤s no me han hecho entrega de la tarjeta ni a un familiar a칰n habiendo hecho un poder en el consulado. Aparte de la mala tasa de cambio que dan, muy inferior a otros bancos",
1,3,0,3,Na,Nada
2,1,6,3,"Las tasas de interes por mora son demasiado elevadas y no admiten negociaciones con el cliente, siendo las causas del no pago oportuno justificables.",La experiencia con la banca virtual es excelente.
2,2,6,3,,
1,3,0,3,"Tardan much칤simo en solucionar problemas, tengo un a침o esperando que me registren la firma para el cambio de tarjeta y los asesores solo cuelgan.",Agilizar el uso de los aplicativos para retiros sin tarjeta. Me pidieron pasaporte y permiso para la cuenta y ning칰n tipo de soporte
2,1,5,3,"LA BANCA VIRTUAL NO PERMITE COMUNICACION VIRTUAL CON UN ASESOR , ON LINE. SITUACVION QUE SE PRESENGTA CUANDO EL CLIENTE ESTA FUERA DEL PAIS.",MEJORAR LA COMUNICACION VIRTUAL
1,2,2,1,"The service standard is just excrement. It is not possible to do banking before 5 AM and if there are ptlroblems, customer service is rarely available.",Kill it. It is just shit
3,3,5,3,,
1,1,6,3,,
2,2,0,1,"q decepci칩n tener que abrir la zona virtual y se queda colgado como si tuviera que conectarse mia sat칠lite al rover, es una lastima que todos los bancos no se quedan colgados ustedes si, y eso me tiene muy, pero , muy, pero , mUy aburrida no navego con fluidez.",ya le he respondido decenas de veces y les importa nada
1,3,0,1,"No aprueban una transacci칩n, no env칤an informaci칩n es su monto de rechazo ni aprobaci칩n luego debitan el dinero 3 veces sin autorizaci칩n, han pasado m치s de 15 d칤as y no me lo regresan y tampoco dan respuesta.",Responder en servicio al cliente y no debitar dinero sin autorizaci칩n y salt치ndose los controles impartidos por el banco y regresar el dinero
1,1,3,3,"Es un poco complicado conseguir un cajero porque son pocos en donde vivo, adem치s que es imposible retirar sin tarjeta",Poder generar c칩digo o algo as칤 para hacer retiros sin tarjeta
2,2,5,2,Porque me estan rechazando transferencias.,Que no me rechazen las transferencias que yo le pago a la gente.
1,3,3,1,No me resolvieron nada,Lo he dicho N veces.   Mejorar servicio
1,1,5,2,No encontr칠 la soluci칩n a mi duda y problema,Colocar asesores que resuelvan los inconvenientes de los clientes.
1,2,5,3,No hay cambios en la plataformas,La simulacion de los productos crediticios deberia estar dentro de la app
1,3,5,3,,
1,1,0,1,Se me perdi칩 dinero al usar la aplicaci칩n y fui al banco y no hicieron nada para ayudarme.,Cerrar ese banco
2,2,4,3,,
2,3,3,1,La app no est치 permitiendo hacer transferencias ni pagos de servicios desde hace m치s de un mes,Que funcione la app
2,1,7,3,Igual,"M치s sucursales en Facatativ치, Mosquera y municipios del.ocvidente de la Sabana de Bogota"
1,2,7,3,No tengo opinion,Todo est치 bien.
1,3,7,2,Porque no es amigable,Tener mejor comunicaci칩n
2,1,7,4,Facilidad de acceso y generaci칩n de pagos y transferencias,"Por lo pronto satisface mis necesidades, gracias"
1,2,7,4,"Porque redujeron un poco las complicaciones para el acceso v칤a telef칩nica, que inexplicablemente han creado","Pensar mas en facilitar el acceso a los clientes, particularmente v칤a telef칩nica y disponer de acesores mejor informados y m치s dispuestos a ayudar."
1,3,7,3,Me parece un buen banco todo excelente virtual pero pocos cajeros,Todo est치 bien
1,1,8,4,Implementaron nuevas opciones,Falla mucho cuando se va a pagar recibos a veces no toma los pagos y toca desde la p치gina de las facturas propias
1,2,8,3,"No me podido realizar algunas transacciones (pagos en establecimientos comerciales, f칤sicamente) despu칠s de las 12 de la noche",Que funcione 24/7 para todas las operaciones
1,3,8,3,,
1,1,7,3,,
1,2,8,3,Siento que funciona igual,No tengo idea
2,3,8,2,Piden una clave adicional por sms o mail y no llega y cuando llega es extemporanea.,Solucionar el asunto de la clave adiconal o eliminarla.
1,1,8,5,,
1,2,8,3,No han innovado,M치s f치cil
1,3,8,5,Agilidad,.
2,1,8,4,Es 치gil y confiable,As칤 est치 bien
1,2,7,3,,Por el mometo a Estado estable m치s adelante le informar칠 los motivos por el momento estamos bien gracias
1,3,7,3,Porque lo hacen bien,Seguir haciendo las cosas bien
1,1,8,3,,
2,2,8,3,"El servicio es bueno y no ha cambiado. 
Lo que ha cambiado son los costos de los productos",El horario de atencion antes era 24 horas por telefono
2,3,8,5,Confiable,
1,1,8,4,Me parece f치cil e intuitiva,"Como nuevo cliente no la he explorado mucho, inicialmente la veo muy simple, no se si cubra todos los servicios que generalmente se requieren"
1,2,8,5,He tenido facilidad al momento que lo necesito.,Crear nuevos servicios como por ejemplo para mascotas o familiares.
2,3,8,3,Contin칰a igual. De todas formas es 치gil y oportuna,Considero que est치 bien.
2,1,8,3,Continua igual,"Te saca, aduciendo que llevas tiempo inactivo; cuando es falso, porque en realidad  estoy activo en la pagina"
1,2,8,4,Es 치gil y no genera costos de m치s,en mi caso particular no necesito nada m치s
1,3,8,3,"Funcion칩 bien, c칩mo siempre",No es necesario hacer cambios
1,1,8,5,Facilidad y confiabilidad,Nada
2,2,8,4,La interacci칩n para pagos directo con la cuenta facilita el proceso.,Ampliar el detalle de los productos.
1,3,8,3,"Es buena app pero aveces se cae o no funciona cuando uno la necesita, pero en general es muy buena.",En lo personal yo tengo la cuenta bolsillo me gustar칤a que no se viera y mejorar un poco esas ca칤das de la app
2,1,8,4,Las actualizaciones que han hecho en la app m칩vil son bastante 칰tiles.,Pagos o movimientos usando QR ser칤an 칰tiles.
1,2,8,4,Facilidad y practicidad,Mayor seguridad. Claves din치micas
2,3,8,5,Por seguridad,En las noches no funciona
1,1,8,5,la banca virtual es r치pida y 치gil para realizar los pagos y transferencias,Que se realicen los mantenimientos en horas de la madrugada y a media noche como hasta ahora lo han hecho.
1,2,8,5,Porque es muy f치cil de usar y muy clara.,Que se puede abrir 24/7
2,3,8,3,No encuentro mejoras,esta bien el servicio
2,1,7,2,Se present칩 fraude transaccional por la banca virtual y el banco nunca report칩 las transacciones,Incrementar la seguridad transaccional por la banca virtual
2,2,8,5,Por su facilidad para realizar inscripci칩n y pago de servicios p칰blicos. Por el nuevo producto de cuenta bolsillo que espero que se convierta en mi aliada para generar el ahorro que tanto necesito. La plataforma siempre est치 en l칤nea y nunca he tenido problemas cuando la he necesitado,Recordatorios de fechas de pago de facturas inscritas para poderlas pagar de inmediato
1,3,8,3,,
1,1,8,3,Sin comentarios,
2,2,8,3,"La p치gina no cuenta con hist칩ricos de transferencia, por remitentes o destinatarios",Mejorar la informaci칩n de cada movimiento
2,3,7,4,,
1,1,8,4,Es f치cil de usar.,Poder hacer las transacciones m치s r치pido a otros bancos o aplicaciones.
2,2,8,5,Los procesos de la banca virtual son f치ciles de seguir amigables con el usuario.,"Hasta ahora ha sido f치cil y c칩modo navegar en la banca virtual.  Encontr칠 alguna dificultad en demostrar que soy la usuaria, al contestar la preguntas y casi pierdo mi oportunidad de efectuar la transacci칩n que necesitaba, solicitar칤a hacer mas efectivo el reconocimiento."
1,3,8,3,Mi apreciacion sigue siendo buena . El servicio no ha empeorado no mejorado,Me parece un servicio bueno. Tengo mas dificultad con el cajero mas cercano. Mantiene da침ado
2,1,8,4,Agilismo en las operaciones y facilidad de navegaci칩n,
1,2,7,2,"A veces el sitio web muestra la informaci칩n desactualizada y te saca de un momento a otro, sin haber cerrado sesi칩n.",Revisar lo anteriormente expuesto.
2,3,8,4,Estoy preocupada por fraude en mis cuentas. Espero respuesta pronto.,Dar respuesta a mi reclamo y aclarar para que no vaya s perder mi dinero.
1,1,8,3,Esta igual,que actualicen cuando se va a pagar servicios por que en muchas ocasiones no trae el valor y hay que digitar todo
2,2,7,3,No hay difererencias significativas,mas que con la banca virtual es con las noticias de probable salida del pa칤s
2,3,8,3,.,
2,1,7,3,No funciona entre 10pm y 5am la banca transaccional,Disponibilidad 7x24
2,2,7,3,Funciona igual que otras apps bancarias,Mas servicios y autogesti칩n desde la app
1,3,7,3,No vi ning칰n cambio,Que se tarde menos cada transferencia
2,1,8,3,,
2,2,8,3,Porque hay otros bancos que manejan tazas de inter칠s mas bajas.,Los 칰nicos dos cajeros que hay en esta ciudad don de resido (Buga - Valle del Cauca) frecuentemente quedan fuera de servicio por agotarse el dinero y se demoran en reestablecerlos.
1,3,7,5,La facilidad para realizar comprar transferencias etc es muy buena,No lo s칠 para m칤 est치 bien as칤
1,1,8,4,Respuesta 치gil.,Seguir mejorando.
3,2,7,3,La p치gina web puede mejorar,La banca virtual deber칤a tener los saldos finales de cada d칤a al cierre por cada cuenta
1,3,8,3,El servicio ha mantenimiento su calidad en el tiempo.,
1,1,8,1,"No es f치cil hacer las cosas uno mismo, no hay acceso a la cuenta despu칠s de media noche, adem치s cuando se intenta contactar por tel칠fono es peor.",
2,2,7,2,Fue complicado acertar con las respuestas,No imagino en el momento como mejorar mi experiencia sin perder seguridad
2,3,8,3,La atenci칩n telef칩nica no es r치pida ni amigable.. Es muy complicado,Mejorar el men칰 telef칩nico y la forma de comunicaci칩n
1,1,7,4,,
2,2,8,5,Porque veo en en Scotiabank Colpatria un banco serio y eficiente.,"Se necesita mejorar los contactos telef칩nicos, pues son muy demorados"
1,3,7,3,,
1,1,8,4,La aplicaci칩n mejoro en algunos aspectos,"Ya que tengo mi dinero en la cuenta, los interes que se me generan podr칤an ser un poco m치s altos. Gracias"
1,2,8,4,Me parece buena,
1,3,8,3,Todo bien,Nada
1,1,8,5,,
2,2,8,3,Considero que est치 lo mismo,Hacerla menos complicada
1,3,8,3,Los asesores virtuales se desconectan,Regular m치s la atenci칩n al usuario con sus asesores virtuales
1,1,7,2,,
1,2,8,4,El mensaje para enviar la clave se pasa de tiempo y toca volver a empezar la transaccion,Mejorar la velocidad de env칤o del mensaje con la clave
2,3,8,3,Un banco sin ninguna novedad,Que deje transferir dinero a otros bancos ..nunca he podido hacerlo con colpatria
1,1,8,5,Muy r치pida y f치cil de usar,
2,2,7,3,"Hay pocos cajeros autom치ticos en la Ciudad de Medell칤n. Esa es una de las principales razones por las cueles la gente prefiere a Bancolombia, hay cajeros en todas partes","La aplicaci칩n funciona muy bien, en cuanto a la atenci칩n para productos AFC el personal nenecesita mucha m치s capacitaci칩n puesto que el a침o pasado por una mala asesoria para un retiro de una AFC por parte de los asesores me perjudicaron ya que perd칤 el beneficio tributario porque me hicieron mal el retiro"
3,3,8,3,,
1,1,8,3,"La aplicaci칩n es buena, no tengo inconveniente alguno, siempre que lo uso me va bien","Me parece muy buena, no hay demora o alg칰n inconveniente hasta el momento"
2,2,8,3,"Todo es igual que siempre, no hay mejoras ni innovaci칩n en la p치gina, y ahora se demoran en llegar los c칩digos al correo para aprobaci칩n de transacciones. Y la p치gina est치 molestando al utilizarla por Google Chrome.",Innovar y que funcione la p치gina en todos los navegadores
1,3,8,3,Por que lo que m치s me motiva no es la log칤stica de la aplicaci칩n si no las tasas de inter칠s. Se deber칤an bajar las tasas de inter칠s,M치s convenios con establecimientos
1,1,8,3,"La siento igual de r치pida, sobresaliente a diferencia de otros bancos donde es lenta y como desarrollador puedo dar buena fe de su trabajo.","Hacerla m치s intuitiva para buscar certificados y ese tipo de cosas que es lo que todos los bancos tienen en com칰n, qu칠 hacen eso tedioso"
1,2,7,4,No hay una raz칩n en particular,
2,3,8,3,Siempre ha sido excelente el trato,Por ahora nada
1,1,7,3,Nanananansn,Nanananan
1,2,8,3,No he tenido respuesta,Agregar una opci칩n de seguimiento para las recepciones de dinero del exterior
1,3,8,4,Porque me permite hacer varias gestiones sin necesidad de trasladarme o llamar,"Que el n칰mero de intentos diarios para transacciones se permita modificar por lo menos a 10 intentos, o que se ajuste al perfil transaccional de cada cliente. Adicional que se pueda utilizar correctamente los fines de semana tanto la aplicaci칩n como la p치gina web"
1,1,8,4,"Es rapido, seguro, no cobran transferencias a otros bancos.",Algunas veces en la noche no funciona
1,2,7,3,Demora en el sistema,Agilizar el sistema
2,3,8,4,"mejores y mas servicios, ademas de la tener el banco interactuando como banco disponible para otras operaciones con otras empresas para el pago de facturas y otros","mas Cajeros, se tiene un numero muy limitado de cajeros y disponibilidad de oficinas fuera de ciudades principales"
2,1,8,4,,
1,2,8,4,,
2,3,7,3,,"Mejoras:
- As칤 como se agilizan los procesos mediante la baca virtual porque debo ir a una oficina para cerrar un CDT si lo abr칤 v칤a internet ? 
- Porque los extractos de la TC son tan poco claros?
- Es posible facilitar la actualizaci칩n e los datos de cuenta para hacer las transferencias."
1,1,7,4,Porque es m치s confiable,Procesos m치s 치giles
1,2,8,3,Normal,Tener la l칤nea disponible a toda hora
1,3,8,3,,
1,1,8,2,"Por qu칠 a media noche,no deja hacer ning칰n tipo de transacci칩n o retiro.",Que est칠 activa siempre 24/7
1,2,8,3,,
1,3,7,4,Es muy buena pero no hay sucursales cercanas y no las hay en todos los municipios,
1,1,8,3,,
1,2,7,1,"Buenas Tardes, yo siempre mis evaluaciones han sido buenas pero ahora no lo es, tienen una oportunidad de Mejora, el sistema esta m치s lento de lo usual. Los datos de las tarjetas de Cr칠dito no estan siempre actualizadas. Las transferencias al exterior y locales  estan bien. El ambiente utilizado es facil de manejar pero un poco lento. Muchas Gracias por preguntar.","Mejorar el desempe침o del sistema , es lento y las informaciones de tarjetas de credito deben estar actualizadas. Muchas gracias"
2,3,8,4,"Es seguro, facilita las transacciones","Aumentar el tiempo para que los traslados s vean el mismo d칤a
Facilitar a transacci칩n con plataformas como Nequi"
1,1,7,2,Desactualizaci칩n en saldo tarjeta cr칠dito.,"Dejar de cancelar el servicio, despu칠s de media noche."
2,2,8,4,Porque si,Por el momento todo bien
2,3,7,3,,ser mas efectiva.....los procesos con uds con otros bancos son muy ineficaces
1,1,7,3,Son mis primeras transacciones con mi cuenta nominal,Por el momento as칤 est치 bien
1,2,7,3,"Fallas al descargar certificados tributarios

Faltan m치s opciones de auto atenci칩n para no depender de las oficinas",
1,3,8,5,El muy f치cil de utilizar la app,
3,1,7,3,,darme mas control en la pagina web
2,2,7,5,practica e intuitiva,*
1,3,8,3,,
2,1,7,2,"Hay un tema y es que cada vez suben m치s el n칰mero de transacciones para no generar cobro de cuota de manejo de las tarjetas, estas pol칤ticas parecen dise침adas m치s para afectar al cliente que para favorecerlo",revisar el tema que se comenta
2,2,8,3,Este a침o tuvimos problemas con los usuarios.,mejorra el servicion en cuantoa no tener problemas con los usuarios
1,3,8,3,,Toc칩 esperar mucho tiempo en la l칤nea para que me atendiera el asesor.  Se deben mejorar 칠stos tiempos de espera.
1,1,8,3,,
1,2,7,4,por la facilidad de realizar transferencias,"mayor disponibilidad, a veces falla"
2,3,8,4,Agilidad y confiabilidad. Seguridad,"Creo estamos bien, mantener informado a los clientes de nuevas alternativas"
1,1,8,3,"no se pueden realizar transferencias despu칠s de 12pm, no es muy agradable. En caso de emergencia no se puede contar con el dinero",dejar realizar transferencias a cualquier hora
3,2,7,1,Continuas fallas y cierres de la aplicacion,"Asegurar el buen funcionamienro de la aplicacion e informar los horarios en l9s q funciona el portal, nofes 24 horas"
1,3,8,3,,
1,1,8,5,Facilidad e interfaz,.
2,2,7,3,,
3,3,8,3,F맊il y r맗ido,
1,1,7,3,ES SEGURA,MAS SEGURIDAD
1,2,8,4,facilidad,
1,3,7,1,"No ha sido posible comunicarme con una persona ni virtual, ni telef칩nicamente",Que haya la opci칩n de comunicarme con una persona que me pueda ayudar virtual o telef칩nicamente. Telef칩nicamente me piden la clave de mi tarjeta d칠bito y me he estado comunicando precisamente porque la olvid칠
1,1,8,3,no ha cambiado la atenci칩n y el servicio,"La informaci칩n que se pida a los asesores sea uniforme, he llamado cuatro veces por un caso y me han dado cuatro respuestas diferente y cero soluciones. Tampoco me quisieron atender en oficina"
1,2,8,3,,
1,3,8,4,Es una entidad confiable,Mejor atenci칩n al p칰blico
2,1,8,4,,
2,2,8,3,,
2,3,10,5,"F치cil, r치pida, simple, sin costo","Mantenerla simple, sencilla, cero publicidad."
1,1,10,5,Excelente,Excelente
2,2,9,5,Por su excelente servicio,No tengo ninguna sugerencia
2,3,10,5,el servicio es muy bueno,por ahora todo est치 bien
1,1,10,5,Muy f치cil de usar,Nada
2,2,10,3,"Siempre he tenido buena imagen de la entidad. Confianza, atenci칩n y pronta soluci칩n de problemas, entre otras cosas, hacen que tenga la mejor opini칩n.",Nada. Es perfecta.
1,3,10,4,Es de f치cil interacci칩n,Ser menos rigurosos o simplificar para obtener cr칠ditos r치pidos de bajos montos
1,1,10,5,,
1,2,10,5,,
1,3,10,5,,
2,1,9,5,"Practicidad, facilisimo y Estructura",N
1,2,10,5,,
1,3,9,3,,Considero esta bien asi.
1,1,10,5,"Por que todos los pagos ,y dem치s transacciones las hice sin inconvenientes por la app muy segura y confiable",Contin칰ar el buen funcionamiento de la app
2,2,10,2,He tenido dificultades para realizar transferencias.,Que pueda hacer las transferencias.
1,3,10,3,Siempre ha sido una buena experiencia,Por ahora no veo nada que se puedad mejorar
1,1,10,4,Muy f치cil de manejar,Est치 bien as칤 la banca virtual
2,2,10,5,Servicios que ofrece.,He tenido problemas con la digitaci칩n de contrase침as
1,3,9,3,Fue igual de facil y rapido,La parte de ajustar las alarmas o recordatorios nunca me ha funcionado; me debe avisar cuando hagan una consignacion por ej y no lo hace
1,1,10,5,Excelente r치pida y f치cil de manejar,Que el c칩digo llegu칠 m치s r치pido aveces demora
2,2,9,4,,M치s opciones en el app
2,3,9,3,,
2,1,9,3,,
2,2,10,5,,
1,3,10,5,Facilidad y seguridad,
2,1,10,5,Por comodidad y seguridad,
3,2,10,3,Es muy buena para mis necesidades,Para mi est치 bien
1,3,10,5,"Comparando su plata forma a otros bancos, la de Colpatria es excelente r치pida f치cil manejo tanto en ingresar, como en realizar pagos por pse, transferir, recargas muy r치pido y seguro. Sigan mejorando. Excelente banco.","En mi experiencia y en lo q la utilizo hasta el momento excelente. Si me gustar칤a q cuando llegue o le paguen un dinero sea de n칩mina o x destino, llegar치 un aviso al correo de q fue depositado dinero a mi cuenta, as칤 como cuando uno retira q llega por sms o el correo. Eso ser칤a las mejoras en mi caso. Gracias"
2,1,9,3,No ha habido mejora ni desmejora,Agregar m치s servicios
2,2,10,5,Muy buena,
1,3,10,4,,
1,1,10,3,No tuve ninguna novedad con mis transacciones.,"Hasta el momento, sin recomendaciones."
1,2,9,5,Por la comodidad de hacer las transacciones directamente desde el hogar o desde la oficina es decir tenemos un banco a la mano,Mmmm pues por el momento no se me ocurre que podr칤a faltar
1,3,10,3,Gracias 游땕,Todo bien
1,1,10,5,Muy eficiente,Nunca cambien
1,2,10,1,Okokokoko,Bno bno
2,3,10,3,,
2,1,10,3,Funciona normalmente,Revisar el men칰 de pagos y los datos que salen en la p치gina
1,2,10,5,Es muy util y facil de usar,La puesta del c칩digo es a veces dificil o no llega.
2,3,10,3,"Simpre la atencion es excelente, cuando llamo a Multibanca las personasss que atienden siempre son amables, me han resuelto cualquier problema, quedo clara en cualquier informaacion que he solicitado. Me siento muy bien atendida y me encanta este Banco.","Creo que nada, por el momento me siento muy bien, todo es maravilloso, nunca he tenido problemas con ustedes, mas bien siempre me resulven cualquier duda o inquietud."
1,1,10,5,Muy buena app,La p치gina se demora en cargar
1,2,10,5,Mejor prestaci칩n de servicio y m치s r치pido,Velocidad
1,3,10,4,,Esta excelwnte
1,1,10,5,"Es mi banco desde hace casi 20 a침os y me gusta la atenci칩n; sin embargo, no entiendo porque cierran puntos de atenci칩n tan centrales como Gran Estaci칩n.","Poner m치s cajeros multifuncionales, ayudan much칤simo."
3,2,10,5,Mejora los procesos bancarizados,Por el momento no se me ocurre
2,3,10,3,Se mantiene el excelente servicio,Por ahora nada
1,1,10,5,Excelente todo un maravilloso banco y aplicaci칩n,
2,2,10,3,La veo igual,Me parece que est치 bien como est
1,3,10,5,.,.
1,1,9,5,"Muy sencilla y org치nica de usar, adem치s cuenta con buena seguridad",
2,2,9,3,Siempre ha sido un buen servicio,Seguir haciendo las transacciones f치ciles y rapidas
1,3,10,4,,
2,1,10,3,,
1,2,10,4,Inmediatez en las confirmaciones de movientos de la cuenta,"seguir con atenci+on personalizada, ahora todos los bancos y entidades en general ya no tienen este servicio y los robots no son muy efectivos en las consultas"
1,3,9,5,,
2,1,10,5,Es muy exelente,Esa aplicacion amejorado mis tiempos
1,2,10,5,La s칠 usar...,No s칠
2,1,10,5,,
2,2,10,5,Intuitiva,Un poco m치s r치pido el inicio
1,3,10,5,Por qu칠 todo es muy f치cil de hacer,Todo lo que hagan para mejor es mucho mejor para nosotros y muchas gracias ga
2,1,10,5,Funciona muy bien,Por ahora nada
1,2,10,5,"F치cil manejo de operaciones como transferencias, monetizaci칩n de moneda extranjera, sin salir de casa","En todas las operaciones, dar opci칩n de env칤o de c칩digos tanto por correo electr칩nico como al celular"
2,3,10,5,Muy facil. Con otras cuentas en otros bancos Scotiabank lo hace muy facil,Seguir presntando servicios. Ojala lograr la nomina de los pensionados del magisterio de maestros de Bogota. Ellos tienen con BBVA y es muy regular el servicio movil.
1,1,10,5,Porque los procesos son 치giles y r치pidos,
1,2,10,5,,
1,3,10,5,Solucionan las inquietudes de manera eficiente,Me gusta todo
1,1,10,5,,
2,2,10,3,,
2,3,10,5,"Cada vez que he necesitado informaci칩n, siempre ha habido un empleado que de manera eficiente me ha dado la respuesta que he necesitado o ha ayudado a aclarar las dudas que he tenido.",Estoy satisfecha.
2,1,10,5,,Todo est치 muy bien y rapido
2,2,10,4,Parece que hay un link que aparece de primeras intentando tomar datos de los usuarios siempre debo fijarme que sea la plataforma correcta,Revisar esa plataforma que aparece y que es para robar datos
1,3,9,5,,
1,1,10,3,,Tener mas cajero a disposicion
1,2,10,5,Funciona mejor. Ofrece protecci칩n y discreci칩n y es din치mica y f치cil de entender,creo que est치 bien
1,3,10,5,,
2,1,10,4,Muy f치cil de usar y conveniente,No cerrar la cuenta si pido el c칩digo pin de seguridad m치s de 2 o 3 veces
1,2,10,5,Siento que es segura y rapida,Nada
1,3,9,5,Porque la facilidad para hacer mis pagos sin salir son de gran ayuda,Estar칤a por pensar en alg칰n momento presente fallas
1,1,10,5,Porque fue de gran ayuda,
2,2,10,3,,Esta perfecta
1,3,9,3,,
1,1,9,5,Eficiencia rapidez,incrementando como lo esta haciendo
1,2,10,3,Por que hay veces no me llegaba el salario puntual,En las oficinas del banco
1,3,10,4,Porque es de f치cil uso,
2,1,9,5,Porq fue r치pido y efectivo,Para m칤 est치 todo bien
1,2,10,4,Siempre es 치gil,Nada
1,3,10,3,,
1,1,10,4,"Es segura, casi nunca se cae",
1,2,9,4,porque en veces pasadas no pude hacer transferencias f치cilmente pero desde un tiempo para aca no he tenido ningun problema en hacer cualquier tipo de pago o transferencia,
2,3,9,3,"Es buena la app, falta mas rapidez para actualizar en tiempo real transacciones",M치s rapidez a la hora de actualizar los movimientos y pagos por hacer
3,1,9,3,La situaci칩n es estable,Su plataforma normalmente trabaja bien
1,2,10,5,Ok,Ok
2,3,10,4,Funciona muy bien y en forma sencilla,Revisar la aplicaci칩n para exportar el Boucher de las transacciones a veces no  funciona
2,1,10,4,Q,
2,2,9,5,Efectiva actividad,Gracias
1,3,10,5,Es 치gil u sencilla,Hasta ahora me ha funcionado muy bien
1,1,10,5,,
1,2,10,5,El acceso a la banca es muy r치pido y seguro,Mejorar el sistema de agregar los bolsillos
1,3,10,5,"Muy r치pida, y confiable.",
1,1,10,5,F치cil acceso a compras y pagos,Todo bien
2,2,9,3,La p치gina se sigue poniendo en blanco sin permitir continuar la operaci칩n cuando regreso de una consulta y quiero volver a la p치gina de inicio,"La p치gina, que no se bloquee tan f치cilmente al dar ""volver"""
1,3,10,3,,
2,1,10,4,R치pido,Que los Cdts se pueda decidir desde antes si se quiere cancelar o continuar
1,2,10,1,,"Poner m치s corresponsales  
Para retirar dinero"
1,3,9,4,"R치pida, amigable y segura",por mi est치 bien
1,1,10,5,Facilidad de uso y rapidez en la transacci칩n,Comunicaci칩n a trav칠s de Whatsapp porque vivo fuera del pa칤s
2,2,10,5,Por la rapidez en las transacciones,
2,3,9,3,Funciona correctamente,Que funcione las 24 horas
2,1,10,5,Por la agilidad del servicio.,
3,2,10,5,"La aplicaci칩n m칩vil incluy칩 varias funcionalidades, que solo se pod칤an realizar desde la plataforma de la p치guina web. Es de f치cil uso y se pueden hacer varios tr치mites por esta","Ver la posibilidad de tener una opci칩n para ahorro, esto para no tener disponible todo el dinero en caso de robo. Esto lo est치n implementando varios bancos. 
Tener la opci칩n de la Certificaci칩n de los cdts virtuales al cierre de la vigencia para la declaraci칩n de renta"
3,3,9,5,"Existe mayor agilidad en los procesos en l칤nea, adem치s de la confianza que genera la seguridad de todas las transacciones.",Continuar con la agilidad de los procesos en l칤nea
1,1,10,5,,
1,2,9,5,Es eficiente,Mantener las aplicaciones
2,3,9,5,Es muy 치gil interacci칩n con la interfaz,No se me ocurre
1,1,10,5,Excelente app y sus funciones,Permitir solicitar las tarjetas de cr칠dito o cr칠ditos aprobados desde la app.
1,2,10,5,"Xq dan opciones como el
C칩digo en el correo",Transacciones con el telefono
2,3,10,3,"Yo la uso todos los d칤as, por favor no pedir clave y codigos para cuentas registradas y recurrentes 
Hay veces donde los pagos con transfiya no han funcionado y causan muchos inconvenientes . Favor informar si en domingos y festivos se demora hasta un d칤a habil
Gracias",Ya lo dije
1,1,10,5,"Calidad de Servicio 
Buena Atenci칩n Virtual
Excelente Interacci칩n 
Gracias 
Bendiciones 
Felicitaciones",Gracias
1,2,9,4,Es buena y r치pida,Hasta 칠l momento ha funcionado bien
2,3,10,4,Fue r치pida su respuesta,
2,1,10,5,,
2,2,10,4,Por agilidad y confianza,
1,3,10,3,excelente servicio,realizar las transferecias en el banco de destino a las 8 am
2,1,9,3,El nivel de confiablidad y agilidad sigue siendo muy bueno,"Mangtener el bu칠n nivel que tienen de confiabilidad, seguridad y agilidad"
1,2,10,5,La facilidad de manejar la app y tener control sobre la cuenta,
1,3,10,5,F치cil de usar,Todo funciona bien
1,1,9,5,Por su rapidez,
1,2,9,5,Facilidad de Acceder y Seguridad Transaccional,
1,3,10,5,Las transferencias salen sin demora,Que los mensajes de pago lleguen a tiempo
1,1,10,5,Siempre he podido realizar mis transacciones desde la banca virtual sin ning칰n inconveniente..... R치pido y seguro,No tengo recomendaciones en este momento.... Mis experiencias al sido positivas  en todo momento
1,2,10,2,rechaza las transacciones enviadas por transfiya,revisar falla de rechazo de transferencias desde transfiya
2,3,10,5,f치cil manejo de plataforma,Estar con innovaci칩n de manera constante.
1,1,9,3,,Hacer m치s corto el menu
1,2,10,5,"Me da seguridad en lo virtual..lastima que existan tan pocos cajeros autom치ticos y locales f칤sicos,pero siempre los trabajadores,cajeros son eficientes y muy atentos","M치s cajeros ,m치s presencia f칤sica,...muy contento con la eficiencia virtual"
1,3,10,5,Atenci칩n directa y r치pida,"Mantener la p치gina 치gil y eficiente en sus conocimientos y soluciones el personal de la l칤nea, siempre han sido muy buenos"
1,1,9,5,,
1,2,10,4,Pues fue 치gil y eficiente,Nada por ahora
2,3,9,3,Ya otros bancos manejan la app incluso con mas opciones,"En mi caso est치 bien as칤, tiene los servicios que necesito"
2,1,10,3,,
1,2,10,5,"Porque es muy f치cil de usar, tengo todo lo que necesito a la mano. Ya no hay necesidad de complicarme.","No he podido recibir notificaci칩n cuando me consignan. Ser칤a excelente, muchas gracias."
2,3,10,3,,
1,1,10,5,Manejo muy f치cil,Tener m치s opciones de retiro del dinero
2,2,10,3,Siempre me ha parecido un buen servicio,As칤 est치 bien.
2,3,10,5,"la banca virtual es excelente, siempre lo ha sido y cada vez la mejoran mas",registro de solicitudes con radicado y respuesta por email o llamada
2,1,9,3,"Sigue siendo igual, la recomiendo, es una buena opci칩n para no ir a una oficina f칤sica.","Facilitar transferencias a nequi y daviplata, son dos opciones que se usan mucho hoy en d칤a."
2,2,10,5,Es f치cil pr치ctica,Implementar bolsillos
1,3,10,5,La experiencia de navegar por la app Davivienda es muy satisfactoria.   F치cil y pr치ctica,
1,1,10,5,App,
2,2,10,5,"El manejo de su web es muy efectiva, clara y f치cil de utilizar.
La atenci칩n en sus oficinas, aunque demorada, es entendible por la cantidad de usuarios. Los servicios son bien atendidos.",Lo hacen bien.
2,3,10,4,muy facil de manejar,nada
1,2,10,5,,
1,3,10,5,"Porque es una buena entidad, genera confianza",Para m칤 est치 bien
2,1,9,4,.,Mejorar tiempo en las transacciones de transferencias a otros bancos
1,2,9,3,no hay infomraci칩n clara sobre transacciones m치s que un c칩difgo de referencia. En mi caso fue descontado un valor y a la fecha no s칠 qui칠n lo realiz칩. Por m치s que lam칠 a Servicio al Cliente no me iformaron que entidad hizo el d칠bito. Esa informaci칩n debe estar clara en la aplicaci칩n y en el sitio web transaccional.,Mejorar la informaci칩n de quienes realizan las transacciones.
1,3,10,4,esta bien,mas cajeros. tienen pocos. y poca asistencia t칠cnica a los mismos
1,1,10,5,Es m치s r치pida y f치cil de manejar,
2,2,10,5,Ustedes ofrecen un buen excelente servicio y atenci칩n,
1,3,10,5,Por su rapidez y eficiencia,
1,1,9,4,Por su seguridad y f치cil manej칩,"Que se puedan descargar certificados de cuenta, pagos 24/7, que la informaci칩n de movimientos sea en tiempo real"
2,2,10,5,Es facil de consultar y para realizar pagos.,Aumentar cajeros para depositos en efectivo
2,3,10,5,La aplicaci칩n es muy pr치ctico y la seguridad con token muy bien,No tengo sugerencias
1,1,10,4,Porque facilita los pagos de otros servicios.,Por ahora no tengo recomendaciones.
2,2,10,3,El radicado 221111-001618  vista pagos programados a칰n no ha sido resuelto y lleva mucho tiempo en proceso.,Resolver el radicado 221111-001618  vista pagos programados a칰n no ha sido resuelto y lleva mucho tiempo en proceso.
1,3,10,5,Porque es muy amigable el manejo,Me parece s칰per
1,1,10,3,,No actualizarse no me deja entrar despu칠s
1,2,10,5,,To funciona bien
2,3,10,3,"No me cobran, soy feliz",No se me ocurre nada en el momento
2,1,9,4,Es m치s 치gil,M치s rapida
1,2,10,5,La transferencia realizada fue rapida.,Se ofrece muy buen servicio.
2,3,10,5,Porque puedo mover mi dinero sin tantas dificultades.,Ampliar el horario para giros internacionales.
2,1,10,4,mejoro lo atencion,
2,2,10,5,App f치cil de ejecutar,Hacerla m치s din치mica
1,3,10,5,Excelente,Que sea m치s interactiva
3,1,10,5,F치cil de operar,
2,2,9,3,,
1,3,10,4,No tengo mayor comentario,
1,1,10,3,,
2,2,9,5,Transferencia entre bancos,Que lo de vayan del pa칤s
1,3,10,5,La agilidad y facilidad de las diligencias,Mantener comunicaci칩n continua sobre nivedades
2,1,10,3,,Disponibilidad 24 horas
3,2,10,3,BUEN SERVICIO,ATENCION AL  CLIENTE EN OFICINAS MAS AGIL
1,3,10,5,,
1,1,9,3,Desde que tengo la aplicaci칩n las transacciones me han parecido f치ciles de realizar y es una app amigable,Creo que la app est치 funcionando bien
1,2,10,5,,
1,3,10,5,,
1,1,10,5,Porque es r치pida la atenci칩n,Ning칰n
2,2,9,4,"Es sencilla y amigable aunque tiende a generar errores, esto 칰ltimo es suceptible de mejora.",Solucionar baches
1,3,10,5,,
1,1,9,3,,
1,2,9,4,,
1,3,9,5,Se resuelven las inquietudes,Ninguna
2,1,10,5,Me brindaron una atencion muy buena,
1,2,10,5,,
1,3,10,2,"No me esta funcionando bien, no me deja ingresar desde que cambie de cel",mirar si es que esta habiendo fallos en la app
2,1,9,4,Estoy muy contento con sus servicios,Nada
2,2,10,5,por tomar el seguro para mi persona me parece un servicio muy bueno,premios
1,3,10,3,No la utilizo porque nunca puedo retirar sin tarjeta,
2,1,10,3,Porque funciona bien,La informaci칩n es clara
1,2,10,4,Me parece muy conveniente el cajero que han dejado en la ciudad de Fusagasug치 Cundinamarca,No lo s칠
1,3,10,5,Por qu칠 es muy amigable y agil,Me parece muy resolutiva
1,1,10,5,Efectividad y seguridad,Seguir implementando estrategias de seguridad de la informaci칩n
2,2,10,3,Todo ok,Posibilidad de habilitar Wallet con iPhone.
1,3,10,4,Es pr치ctica y 칰til,Por ahora me parece pr치ctica y cumple mis necesidades
1,1,10,5,Por la facilidad de pagos que se pueden generar,Bajarle el porcentaje a aplicar cobros por manejos de la cuenta y tarjeta
1,2,10,3,,
1,3,9,5,Pq la aplicaci칩n es r치pida y segura y f치cil de usar,Para esta bien hasta hora
1,1,10,5,Es 치gil el uso del aplicaci칩n,Para sugerencias y reclamos ser칤a m치s 칰til que implementaran opciones
1,2,10,5,"Nuevas actualizaciones que se realizaron, esto hizo que haya una mejora y probablemente recomendarlo a alguien mas. Como por ejemplo la creacion de bolsillos ademas la seguridad que maneja la aplicaci칩n para transacciones retiros y demas.",
1,3,9,4,,
1,1,10,3,Todo tranqui 10/10 su servicio,
1,2,10,5,Por la flexibilidad en cuanto a las transacciones que se pueden ejecutar y la rapidez en procesarlas.,Quizas para las transferencias desde el exterior que el deposito demore solamente 24 horas en procesarse.
2,3,9,4,,
2,1,10,5,Por qu칠 es un servicio f치cil y r치pido que me permite recomendarlo,Creo por ahora que me ha sido muy 칰til
1,2,9,3,,
1,3,10,3,,
1,1,10,5,Pago con pse a mis tarjetas,Seguir trabajando en seguridad!!!!
1,2,9,3,,
2,3,10,3,VEngo usando la plataforma los ultimos 3 a침os no hay cambios,Hacerla mas simple
1,1,10,4,,
1,2,10,5,Porque no tienen intermitencias con la funcionalidad y tengo disponible diferentes medios para realizar las transacciones,Iterativamente ir mejorando las funcionalidades de la aplicaci칩n
1,3,10,5,Es muy f치cil y practica de usar,Nada
2,1,9,3,Tienen las mismas funcionalidades. En el ultimo mes no ha habido mayor cambio,"Desarrollar nuevas funciones, pedir turnos en oficinas desde la app, solicitud de informacion de operaciones, tan solo desplegando la descripci칩n de compras cargadas en el movimiento de los productos, notificaci칩n de compra no efectuada o posible fraude, desdela descripci칩n de la compra sin pqr, posibilidad de validar desde la app, las calificaciones crediticias, seg칰n el manejo que le estoy dando a los productos, poder dar cierre a productos desde la web o la app."
2,2,9,4,"Porque veo, que lentamente van mejorando y fortaleciendo la banca Virtual. Importante, caso personal, al tener varias cuentas y no saber d칩nde tengo pago autom치tico, cuando trato de inscribir un servicio ya inscrito, no debe a uno bloquearlo, sino informarle en cu치l de las cuentas se encuentra inscrito. Esto facilita la gesti칩n del cliente. Muchas gracias.",Ver recomendacion anterior.
2,3,10,3,La banca m칩vil suele funcionar bien,A veces no me llegan los c칩digos.
2,1,10,5,Confiable,Disponer de un cr칠dito autom치tico para los buenos clientes.
1,2,9,5,MUY COMPLETA LA APLICACION,TODO OK
1,3,10,3,,
2,1,9,3,,
1,2,10,5,"Por ser una cuenta 0 pesos, y por las muchas opciones que brinda.  Retiro con codigos y cta bolsillo me parecen buenos","Seguir con 0 pesos, aunque veo que descuentan poquito pero descuentan.  Necesito una tarjeta de credito para poder eliminar las que ya tengo"
2,3,10,4,AGILIDAD EN LA RESPUESTA,IDENTIFICAR CON PRIORIDAD LOS CLIENTES ANTIGUOS
2,1,9,4,,
1,2,10,5,Pagina y aplicativos muy amigables y f치ciles de manejar,
3,3,10,3,El servicio es excelente. Gracias!,Gracias!!
1,1,10,3,No vi nada diferente en la aplicacion,"Mas prontitud en la Linea telef칩nica de atenci칩n al cliente, por lo dem치s la app funciona bastante bien."
2,2,9,3,Todo est치 igual,Tener m치s seguridad
1,3,9,3,,
1,1,10,5,Siempre me parece que es muy funcional,No se
1,2,9,3,Los tiempos de atenci칩n son acepatble y la atenci칩n muy buena,De pronto atender de maner치 m치s r치pida.....
2,3,10,5,Bien tecnologicamente,que sea mas amigable
1,1,10,4,Facilidad en los servicios,"Mantener el servicio 24 horas, una aprovecha las horas por la madrugada para comprar pasajes y no dispone del servicio de pago"
1,2,10,4,PORQUE ES DE FACIL ACCESO PARA MI,MAS CAJEROS AUTOMATICOS
1,3,10,5,La facilidad de manejo,La contrase침a seria muy bueno que solo fuera la clave que utlizamos en el cajero
2,1,10,5,"Es muy 치gil y segura, s칰per recomendada.","Por ahora est치 bien, los sistemas de seguridad dan mucha confianza"
2,2,10,4,Por las notificaciones de pagos de servicios y TC  pendientes por pagar,Si habitando m치s los horarios de pagos en fines de semana los cuales no me ha permitido
1,3,10,5,F치cil manejo,Poder repetir varias veces la cantidad de dinero de cuenta a cuenta
1,1,10,5,Seguridad y rspidez,Por ahora est치 muy bien
1,2,10,5,muy bien,
1,3,10,5,Porque hice lo que necesitaba hacer.,"La opci칩n de poder congelar y descongelar la tarjeta, tambi칠n el uso de pin para retiros sin tarjeta"
1,1,10,4,Es buena,Esta bien
1,2,10,3,Mi opini칩n de Colpatria siempre ha estado bien.  Sigue siendo.,Permite utilizar tel칠fonos m칩viles internacionales para la verificaci칩n.
1,3,10,5,Agilidad,Asegurar que no haya demora en el codigo de verificaci칩n que en ocasiones lo llega
2,1,10,3,Hace un tiempo uso el sistema,Permitir transacciones en horarios despu칠s de 10 pm
1,2,10,3,,
1,3,10,5,"Porqu칠 conoc칤 sobre la cuenta bolsillo, que me permite ahorrar y migrar mi dinero para no gastar mucho en esta 칠poca. Control financiero.",Todo es excelente con Scotiabank
1,1,9,4,Es f치cil de acceder.,Complementar con alg칰n servicio personal de chat
2,2,10,4,ESTOY MUY CONTENTA CON LOS SERVICIOS QUE BRINDAN-,SEGUIR CON SUS POLITICAS Y EL SERVICIO QUE BRINDAN A LOS CLIENTES.
1,3,9,4,,
2,1,10,5,"Excelente atenci칩n, disponibilidad y claridad en la soluci칩n.",Estoy satisfecho
1,2,10,5,,
3,3,9,3,Ha estado estable y normal,
2,1,10,5,,Mas opciones
2,2,9,3,"Es un buen servicio que agiliza mis actividades de pagos y transferencias. Aunque he tenido inconvenientes con la recargas a celular con el operador Tigo,",Que se tenga un periodo de tiempo m치s extenso para la realizaci칩n de las trasferencias. La aplicaci칩n por seguridad la cierra muy pronto.
2,3,9,3,,
1,1,10,5,Es m치s r치pido,Nada
1,2,10,5,Facil de acceder a todos los servicios.,Hasta los momentos no tengo nada que decir.
1,3,10,3,Prestan un buen servicio siempre,"Seguir haciendo un buen trabajo, gracias"
1,1,9,4,,
1,2,10,5,Muy 치gil,Esta bien
1,3,9,4,Porque es 치gil y pr치ctica.,As칤 esta bien .
2,1,10,3,Excelente,Nada
1,2,10,5,velocidad,velocidad
1,3,10,3,Siempre me ha parecido que funciona bien para las operaciones que hago.,Usar la tecnolog칤a nueva disponible.
1,1,9,4,Me ha ido muy bien con la aplicaci칩n,Continuar mejorado  en protecci칩n y servicio
2,2,10,5,Solucionaron mis inquietudes,--
1,3,9,3,La experiencia con la banca virtual  siempre hasta ahora ha sido buena,La banca virtual en mi concepto ha funcionado muy bien
2,1,10,3,Ya conoc칤a la plataforma,Est치 bien. Cumple con lo requerido cuando se accede on line
1,2,10,3,SIGUIO IGUAL DE BIEN.,SEGUIR ASI ESTA BIEN
2,3,9,5,"Porque ha sido muy f치cil y agil hacer todas las operaciones que necesito, pago de servicios, transferencias. Es segura y siempre cuento con la informaci칩n de mis cuentas inmediatamente",Estoy muy satisfecha
2,1,10,3,Siempre que la utilizo tengo buenos tiempos de respuesta,En este momento me parece que todo est치 bien. Gracias
2,2,9,3,Nunca he tenido problemas,Podr칤an implementar vcc virtual
2,3,9,5,"Informaci칩n adecuada a mi solicitud, excelente atenci칩n e inter칠s a mi solicitud.",Excelente
3,1,9,4,Porque soluciona muchos problemas para no ir a las agencias donde usualmente se pierde mucho tiempo.,"No sabr칤a decir, seguramente se podr치 mejorar, pero puedo dcir que es scientemente bueno, aunque no he profundizado mucho su conocimiento."
1,2,10,5,Plataforma 치gil y de f치cil manejo,
2,3,9,3,,
1,1,10,5,Excelente servicio,Ampliar Horarios nocturnos
2,2,10,4,"Es una aplicaci칩n f치cil de usar, el inconveniente es que algunas veces no presenta el historial de las transacciones","Que las transacciones se actualicen de forma m치s r치pida, las transacciones se demoran mucho para reflejarse en la plataforma"
1,3,10,5,Es facil de usar y tiene diversos tipos de movimientos que se pueden realizar a trav칠s de ella,
1,1,10,5,Por qu칠 es 치gil y segura,Ah칤 est치 bien
2,2,10,5,"Buen servicio, muy 치gil",Por el momento nada
1,3,10,5,M치s r치pida intuitiva f치cil de hacer las transacciones m치s f치cil todo,Poder hacer recargas en Nequi y DaviPlata al instante
1,1,9,3,Es una app muy facil de usar,Nada
1,2,10,3,Estoy conforme con los servicios del bancopc,D mi parte estoy bien as칤 con los servicios prestados
1,3,9,3,No observ칠 un cambio trascendental,No es mala. A veces menos es m치s
1,1,9,4,Eficiente,
2,2,10,3,Sigue siendo r치pida y eficaz,Mantenerse as칤
1,3,10,5,Porque es muy buena ya que se evita la ida al banco para realizar una transferencia o un retiro ya que muchas veces hay muchas colas en el banco y otras veces no tenemos el tiempo suficiente para desplazarse al banco y otras veces hay mucho tr치fico que evita llegar a tiempo,ser칤a bueno q tengan un servicio al cliente directamente al cual se pueda comunicar directamente sin tener q esperar tanto en la l칤nea que sea de contestaci칩n instant치nea  porq la verdad a veces da pereza llamar porque es muy complicado encontrar la soluci칩n al problema que tenemos
1,1,10,4,Porque el servicio de transfiya,"Nada por el momento, siempre me ha funcionado muy bien"
1,2,10,5,Es precisa,Sin comentarios
1,3,10,5,Transacciones r치pidas y efectivas.,"Por el momento, nada."
3,1,10,4,Buen servicio,Sin comentarios
2,2,10,4,"Buen servicio, facil de usar.",Facilitar la cominicacion con servicio al cliente.
2,3,9,3,,
1,1,10,5,,
1,2,10,5,Porque fue facil y rapida sin contratiempo,"Estoy contenta, creo que esta bien"
3,3,9,5,"Facilidad, entend칤ble la pagina, aplicaci칩n clara y f치cil","Por ahora esta muy bien, muy f치cil de accesar e interactuar"
1,1,9,5,Porque el servicio es muy f치cil r치pido y seguro,Tener o crear un c칩digo QR para recibir y realizar pagos
1,2,10,5,Ha Sido eficiente i,Nada
2,3,9,5,me he sentido bien atendida a todos mis requerimientos.,Bueno revisar las inquietudes a tiempo
1,1,10,3,,
2,2,9,3,Siempre es eficiente.,
1,3,10,5,La seguridad,Tener agentes que atiendan mi duda
2,1,10,3,Siempre el servicio es muy bueno,Que el pago de la tarjeta de cr칠dito se vea reflejado m치s r치pido
1,2,10,5,las transacciones q hago se hacen de una manera facil,los problemas con el software malicioso en internet me abstiene de no usar mucho la aplicacion por que varias personas q conozco han tenido problemas de perdida de dinero
2,3,9,5,,
1,1,10,5,Por qu칠 es r치pido y 칰til,Jeneral m치s productos con buenos descuentos
1,2,10,3,Porque siempre he estado a gusto y satisfecha .,
2,3,10,3,Porque ya la conoc칤a,Ninguna
3,1,10,3,Se mantienen condiciones,Ninguna
1,2,10,5,Me siento satisfecha con el servicio que prestan.,"Cuando se hacen transferencias el sistema dice bajar el resultado al hacer click, no siempre lo hace.  
Tambien dicen ir al inicio y es confuso porque o vas al inicio o te saca del banco,cualquiera de las dos."
2,3,10,3,Hasta ahora ha sido excelente la atenci칩n y prestaci칩n de servicios.,En el momento no tengo sugerencias.
1,1,10,5,,Muy buen servicio
1,2,10,5,Rapidez seguridas,
3,3,9,3,,
2,1,10,5,Muy eficiente y f치cil de usar,Por ahora ninguna
1,2,10,3,Muy buena siempre,Por el momento ha funcionado bien
3,3,10,5,Realizo todos mis movimientos desde la app,Nada
1,1,10,5,Facil y pr치ctica.... Las transacciones son rapidas y de confianza.,Que en la aplicaci칩n permitan solixtar productos de manera virtual
1,2,10,5,He visto novedade en la plataforma tanto para pago por pse como en la banca virtual pero s칤 creo que hacen falta cambios como que la cuenta de bolsillo no aparezca en pagos para PC tambi칠n faltar칤a como una clave din치mica que llegue de mensaje de texto Buscar m치s alternativa para darle m치s seguridad a las transacciones,"En cuanto a pago por pse habr칤a que quitar que aparezca la cuenta ahorro bolsillo, en cuanto en transacciones con pagos como opci칩n de pago tarjeta tanto en sitios web como en dat치fonos y que el dat치fono que lee chip creo que hace falta m치s seguridad como poner una clave din치mica o que llegue un mensaje de texto para darle m치s seguridad a los pagos con tarjeta en web site creo que falta m치s seguridad"
2,3,10,5,"Porque es confiable, las transacciones son r치pidas y sin inconvenientes",Yo vivo en Estados Unidos y hasta el momento me parece excelente la app fuera de Colombia
1,1,9,3,A veces no funciona correctamente,Que se me elimine el ingreso con huella dactilar me parece m치s seguro
1,2,10,4,,Por el momento todo marcha bien
2,3,10,5,Por mantener excelentes niveles de seguridad que aumenta la confianza depositada en la entidad bancaria,Me encuentro satisfecho con la aplicaci칩n
1,1,10,4,Facilidad de acceso,M치s convenios
1,2,10,3,Porque desde que estoy utilizando este medio me ha parecido muy eficiente y recomendable.,
2,3,10,3,Siempre el servicio ha sido excelente,"Por ahora, continuar as칤"
2,1,10,5,Todo funciono,
2,2,10,4,Facilidad de ingreso,Informar cuando se deba actualizar la app
1,3,10,5,Muy efectiva y segura,Hasta el momento todo bien
2,1,10,5,Es segura,Sin comentarios
2,2,10,4,Continua siendo una App amigable,
1,3,10,4,F치cil de manejar,
2,1,10,4,La aplicaci칩n es muy 칰til para realizar operaciones bancarias.,Nada en especial
1,2,10,3,,Que las transferencias a otros bancos lleguen de inmediato
1,3,10,5,"Es f치cil de usar, r치pidamente se pueden cambiar de forma autonoma y autom치tica los montos de transacciones sin tener que recurrir a alguien del Banco.",Para m칤 funciona muy bien
2,1,9,5,Es r치pido. No tiene costo y fscil de usar,Todo esta bn
1,2,10,5,"ES MUY FACIL, RAPIDO",Para mi esta bien
1,3,10,5,Es muy r치pida,Para los que estamos fuera se debiria poder acceder a la banca virtual durante las 24 horas.
2,1,9,3,Esta bien sin cambios,Ajustar texto en ios
1,2,10,5,Es muy buena,Algunas cosas solo son posibles desde la p치gina web. Ser칤a bueno que la app las brinde
1,3,10,3,Siempre me ha parecido genial,C칩mo esta excelente
1,1,10,3,,Constantemente no se encuentra disponible temprano y tarde
1,2,10,5,Es f치cil de usar,
1,3,10,5,"Agilidad, seguridad","Codigo de confirmaci칩n transaccion en linea a veces se demora mucho en llegar. Se puede mejorar?
Bajar valor transacciones de avance en efectivo por caja"
1,1,10,5,Hacer pagos y tr치mites por la plataforma es sencillo,
2,2,10,5,"Me permite hacer mis transacciones sin moverme de casa y lo m치s relevante, Scotiabank est치 siempre a la vanguardia y en constante adaptaci칩n de los m치s recientes modelos de banking personal.","Me parece interesante que tengan una opci칩n en la banca online que permita diferir el pago de las deudas, proporcionando de acuerdo al perfil de cliente, las opciones disponibles para ello."
2,3,10,5,M치s cr칠ditos se necesitan,Yo la veo bien
2,1,10,5,Pr치ctica sencilla y efectiva sin demoras. Genera satisfacci칩n utilizarla.,Para mi esta bien as칤.
1,2,9,5,Por qu칠 le dan seguridad y facilidades,Seguir igual o mejorar
1,3,10,5,,
2,1,9,3,Porque siempre me ha parecido muy completa para mis necesidades y f치cil de usar.,"칔ltimamente al ingresar a mi sesi칩n en el aplicativo no me muestra las cuentas de ahorro que poseo y necesito salir e ingresar m치s tarde.

Adicionalmente tambi칠n espor치dicamente no genera los movimientos de la cuenta de ahorros."
2,2,10,5,Muy f치cil de usar,Seguir asi
1,3,10,5,"Me gusta mucho la facilidad con que puedo hacer mis pagos, siento que hay mucha seguridad",Creo que est치 perfecta
1,1,10,5,Una aplicacion sencilla y excelente,Tido perfecto nada
1,2,9,3,Sigue siendo facil,.
1,3,10,5,Por q me facilita mucho la seguridad de mi econom칤a,Seguir innovando
1,1,10,5,Porq es r치pida y confiable,En este momento no tengo nada en mente
1,2,10,5,,
1,3,10,5,,
1,1,9,5,Buen servicio,Me parece excelente todo es muy bueno
1,2,9,4,,
2,3,10,5,No la hab칤a utilizado durante alg칰n tiempo y me pareci칩 que simplifica los procedimientos.,
2,1,10,5,,
1,2,10,5,,
2,3,10,3,Siempre ha sido muy eficiente,Nada. Esta perfecta
1,1,10,5,,
1,2,10,5,Ahorro tiempo,Informaci칩n al celular por mensaje de texto
1,3,10,5,Son Diligentes,Generar % de rentabilidad m치s altos
1,1,10,5,excelente r치pido sencillo y segura,Para mi van bien as칤
2,2,9,4,Es muy f치cil de usar,Mejorar la funcionalidad de recibir giros del exterior
1,3,10,5,"Porque las respuestas a las solicitudes, son inmediatas, claras y concisas",Absolutamente nada
2,1,10,5,TODO ESTA A LA MANO,POR EL MOMENTO CREO QUE TODO ESTA BIEN
2,2,10,4,Rapido,Mensaje cuando entre dinero a la cuenta
1,3,10,5,"Es r치pida y me hace sentir segura con todos los filtros de seguridad que piden para cualquier movimiento, gracias por eso.",Por ahora est치 genial.
1,1,10,3,,
1,2,10,5,Por la atenci칩n que es buena,Para m칤 todo est치 bien gracias
2,3,9,4,,Todo est치 bien con la banca
1,1,10,5,"Una muy buena atenci칩n, muy formal y 치gil.",No me imagino nada
3,2,10,3,Vengo us치ndola y funciona bien.,Inicialmente no se me ocurre nada m치s especial para agregar. Excepto poder ver que CDT paga mejor vs tiempo
2,3,9,5,,
2,1,10,5,Porque es sencilla pero a la vez segura o eso parece,
2,2,9,3,,
1,3,10,5,Por la facilidad y seguridad en las transacciones bancarias que dan mucha garant칤a al realizar los procedimientos de pago,Me gustar칤a que se pudiera recargar la tarjeta tu llave para no tener que estarme desplazando a recargar de manera f칤sica
1,1,10,4,Porque cobra mucho el manejo de tarjeta,Ninguno
1,2,10,3,es lo usual,seguir garantizando la seguridad
1,3,10,4,Por el servicio agil,Todo excelente
2,1,10,5,por mi ttiempo,"que una persona conteste, muy importante que no sea solo la grabacion"
1,2,10,4,Scotiabank Colpatria me proporciona una excelente experiencia bancaria en linea. Sigan progresando en esta area. Son muy buenos!,"Permitir mas productos en linea, ver cual es mi historial crediticio, poder hacer inversiones con sus productos, tener acceso a comunicarme con mi banquero en linea."
1,3,10,5,eficiencia y cordialidad,de pronto poder contar con asesoria en el momento de usarla
1,1,10,5,"Es una APP muy sencilla de manejar, adicionalmente me permite conocer de manera oportuna todos mis productos y me es f치cil pagar por este medio cualquier obligaci칩n . Por otra parte la verificaci칩n de identidad mediante c칩digo enviado al correo electr칩nico me parece una forma muy segura de proteger mi dinero.",
2,2,9,3,"En las noches no funciona la p치gina . . . es normal que ya no funcione y eso no est치 bien . . . . normalizar las fallas.

Lo dem치s funciona bien.",que funcione siempre y las ventanas de mantenimiento sean programadas.
1,3,10,5,,
2,1,10,5,Me parece que han mejorado mucho en la seguridad en la pagia wed d elos haker,seguir mejorando mas
2,2,10,4,Rapidez y seguridad,Mantener un control de seguridad y efectividad y rapidez en los procesos
1,3,9,5,Es practica y amigable,"Mejorar las transferencias al exterior, no me dejo la 칰ltima vez realizarla"
2,1,10,4,Ha mejorado el env칤o de SMS o de correo con el c칩digo de verificaci칩n para validar las transacciones realizadas por la web,Mejorar la estabilidad en las transacciones
2,2,10,5,Me resolvieron la inquietud que ten칤a en muy poco tiempo,No dejar al cliente tanto tiempo en espera
1,3,10,3,En general pienso que la aplicaci칩n es muy f치cil de usar.,"Cuando hago transferencias o giros en la aplicaci칩n del m칩vil puedo seleccionar a donde enviar el codigo de verificaci칩n,  mientras que usando la aplicaci칩n Web, inicialmente manda el codigo el celular,  y en segunda instancia si permite seleccionar celular o correo  electr칩nico . Yo vivo en Canad치,  por lo que el celular que tengo registrado es el de mi suegro, ya que me dijeron que no puedo registrar mi celular Canadiense. 
La otra sugerencia es alinear la informaci칩n solicitada en los giros, con la informaci칩n requerida en el exterior. En mi caso env칤o dinero entre Colpatria Scotiabank y Scotiabank Toronto. Normalmente el dinero es retenido por el departamento de investigaciones solicitando informaci칩n adicional."
1,1,9,3,Habitual servicio,No hay comentarios
1,2,9,3,sin mas,nada mas
1,3,10,5,Muy buen servicio,Nada
1,1,9,4,,
2,2,10,4,"Ha mejorado, tiene menos problemas (bugs)",
2,3,10,5,,
1,1,9,4,,Deje de fallar tanto
1,2,10,5,Por su excelente servicio y cumplimiento,todo esta bien gracias  a ustedes!
2,3,10,3,,buena y confiable aplicaci칩n
2,1,10,5,,
1,2,10,5,Por la facilidad,Nada
2,3,10,5,,
2,1,10,3,Me parece que en las noches deberia tambien estar habilitada.,Tenerla disponible 24 horas. Solo por mantenimiento periodico desconectarla en las noches.
2,2,10,3,.,
1,3,10,5,,
1,1,10,5,Por el trabajo y me fue muy 칰til,
2,2,10,5,R치pida y clara,24 horas de servicio
2,3,10,5,Me han solucionado problemas satisfactoriamente,
2,1,10,5,"LA APLICACI칍N ES UN TANTO DIFICIL DE INSTALAR,PERO UNA VEZ INSTALADA ES UNA HERRAMIENTA MUY AMABLE,QUE NOS AHORRA UN TIEMPO CONSIDERABLE EN LOS TR츼MITES BANCARIOS Y EL PAGO DE SERVICIOS.","PARA LOGRAR INSTALAR Y ABRIR LA APLICACI칍N,FU칄 NECESARIO ACUDIR AL ASESOR DEL BANCO. CONSIDERO Y SUGIERO QUE SE REVISE ESTE TEMA"
2,2,9,4,Han creado m치s servicios virtuales,Pues no la utilizo tanto.. m치s bien por desconocimiento.. creer칤a que seguir con el acompa침amiento y ense침anza..
1,3,10,5,Mas facil,Esta bien
2,1,9,3,para mi es muy buena,
1,2,9,3,Mantienen un buen servicio,Que se puedan descargar certificaciones de cuentas AFC
1,3,10,3,Xq siempre me ha ido muy bien en la banca virtual,No tengo aportes
1,1,10,5,,
2,2,10,4,"No aumento, porque la operaci칩n que hice ya es algo conocido.","Si el banco hace una oferta por SMS y pasas a la banca virtual para verificar esta oferta, encuentras que no se ajusta a las condiciones; por ejemplo: recib칤 un mensaje de texto indicando la posibilidad de abrir un CDT desde $500.000 con una tasa del 13% efectivo anual y cuando fui a revisar dicha informaci칩n en la plataforma solo ofrecen al 11% efectivo.  
No hay concordancia...  
As칤 mismo, si el banco tiene este tipo de productos que, supongo tienen algo de personalizaci칩n, la coincidencia deber칤a ser mayor a la hora de ingresar a la plataforma virtual."
2,3,10,5,Es una app muy f치cil de usar y que me permite realizar varias operaciones,Nada
1,1,10,5,porque me parece muy dinamica y sencilla para ingresar,seria como confirmar mediante mensaje de texto o correo que ingrese a la pagina
2,2,9,4,Excelente servicio,Todo ok
2,3,9,5,,"Dejar que se puedan modificar las cuotas desde la app, y pagar a un deuda puntual."
1,1,10,5,Porque logr칟 mi cometido. Porque s칣 funciona.  Y adem맙 por la atenci쑕 de su personal.,"Que no se me vuelva a desactivar mi huella.

Ya se me ha desactivado tres veces.  Parece ser que si no hago movimientos me la desactivan y es muy incomodo eso.  

agradezco porque a veces estoy trabajando con mi Banco Colpatria por la aplicaci쑕 o a trav칟s de la huella y me funciona de las dos formas muy bien.  Esto es un punto adiconal.

Pero que no me desactiven m맙 mi huella por favor."
2,2,10,3,Son mis opciones de rutina,Me encuentro c칩moda con la banca virtual
1,3,9,5,,
1,1,9,3,Ya tengo muy buen concepto del banco,Asi est치 bien
1,2,10,5,Se agiliza y es segura,Ser칤a bueno saber cu치nto es el inter칠s por compras
1,3,10,5,Es 치gil y seguro,Mantenerse as칤
2,1,9,5,,
1,2,10,4,La transacci칩n se hizo f치cil y segura. El banco provee mucha seguridad y eso hace que uno se sienta tranquilo.,
1,3,10,5,Para mi el banco es muy importante. Me gusta poder hacer mis transacciones en forma segura y oportuna.,La verdad no lo s칠-
1,1,10,3,,Proporcionar la posibilidad de editar el correo electr칩nico y n칰mero celular en banca virtual. Tambi칠n activar y desactivar la notificaciones electr칩nicas al correo y/o n칰mero celular
1,2,10,3,Siempre me han prestado un buen servicio,
1,3,9,5,FACIL,
2,1,9,4,Porque es bastante sgil,Por el momento me siento a gusto.
2,2,10,5,"Porque fu칠 segura, eficiente y f치cil","QUE POR FAVOR SEA CADA VEZ MAS SEGURA, SENCILLA DE USAR Y QUE SIEMPRE EST칄 DISPONIBLE PARA EL CLIENTE"
2,3,9,4,Tenia problemas con los c칩digos enviados al correo o por mensaje de texto para realizar transacciones. Est치n llegando  pero  se demoran mucho haste un minuto  he contabilizado y cuando llega la aplicaci칩n ya ha cerrado.,corregir lo comentado en la respuesta anterior
1,1,10,5,Excelente velocidad,Mantenerla
1,2,10,5,Es muy f치cil de manejar.,Pues para mi es oerfecta
1,3,10,3,Todo bien,Nada
2,1,9,4,Porque las transacciones se realizan de manera 치gil y segura,No tengo recomendaci칩n
1,2,10,4,Es buena,Nada
1,3,10,1,ES UN BUEN SISTEMA Y SERVICIO,nECESITO UN PRESTAMO O UNA TARJHETA DE CREDITO
2,1,10,3,,
2,2,10,5,rapidez,mas agilidad
1,3,10,4,,
2,1,10,3,porque siempre me ha parecido muy buen servicio,"nada, siempre me funciona muy bien"
1,2,10,5,Es eficiente,Gracias
1,3,10,5,,
2,1,10,4,,
1,2,10,4,por sus excelentes servicios y atenci칩n personalizada.,La atenci칩n  Telefonica es demasiado demorada.
1,3,10,5,Agilidad para obtener los servicios que brindan,"Tener un banco de preguntas frecuente, o videos de gu칤a."
1,1,10,5,Por la agilidad y el tiempo que ahorro,Todo bien
2,2,10,5,F치cil manejo.,
1,3,10,4,servicio,no tengo recomendaci칩n por ahora
1,1,10,5,Muy f치cil y r치pido,Que las transferencias a otros bancos sea m치s r치pido
1,2,9,3,,
1,3,10,5,Por toda la facilidad de tener todo a la mano,As칤 como est치 me gusta no le cambiaria nada
2,1,10,4,NO HAY CASI CAJEROS CERCANOS PARA RETIRAR,MAS CAJEROS INSTALADOS DENTRO LOS CENTROS COMERCIALES
2,2,10,4,,
1,3,10,3,"La app funciona bastante bien en realidad, hasta ahora no e tenido fallas con ella y es muy completa para mi concepto.",En realidad no mucho como dije en la pregunta anterior siento que esta muy completa la app y no tiene fallas.
2,1,10,3,"Tanto la App como la Banca Virtual siempre han sido muy buenas, eso no ha cambiado ni para mejor o peor.",
2,2,10,5,facilidad en todo,por ahora nada
1,3,10,5,Porque hasta el momento no he tenido inconveniente con el servicio prestado y los d칠bitos por concepto de pagos a terceros han sido oportunos,Hasta el momento no he tenido problemas
1,1,10,3,,
1,2,9,5,Muy amable y me colabor칩,Seguir dando un buen servicio
1,3,10,4,No me aparecieron errores,Ser칤a excelente ver qu칠 tipos de pr칠stamos est치n preaprobados o disponibles.
2,1,10,3,Esta bien,Es perfecta
1,2,9,4,Por la agilidad en que pude solucionar mi caso,"Todo bien, no la uso mucho me gusta mas la PC de escritorio"
2,3,10,3,El proceso es igual,
1,1,10,5,EXCELENTE ATENCION Y SERVICIO,LOS HORARIOS
1,2,10,5,todo bien,todo est치 bien
1,3,10,4,M치s r치pida y eficiente,Mirara mis ingresos y darme un credito
1,1,10,5,Por sus productos,Me parece bien
1,2,10,5,Por la seguridad y confianza q me genera,"seguir asi , no aflojar"
2,3,10,5,Responsabilidad. Impecsble transaccion. Estoy extremadamente satisfacho con el.banco,Seguir asi.
1,1,10,3,Siempre es buena,Por ahora esta bien
1,2,10,5,Es 치gil aunque me preocupa que su sistema no identifica inmediatamente los pagos y env칤an correos de no pago cuando ya el pago ha sido efectuado,Siento que ser칤a interesante que fuera un poco m치s clara y amigable en realidad me gusta la idea de tener la posibilidad de pagar mis cuentas o mis tarjetas que poseo con el banco
1,3,9,5,Por necesidad de pagos que atraves de la virtualidad puedo realizar,No tengo nada m치s que agregar
2,1,9,3,El servicio siempre ha Sido excelente,El servicio es excelente
1,2,9,5,PORQUE NUNCA ME HAN FALLADO.,NO SABRIA DECIRLES.
2,3,10,5,Seguridad y confianza,Reducir las tasas de servicio y por ende los intereses de Inter me ediaci ok n
2,1,10,5,Es f치cil y no tengo problemas muy estable y confiable la plataforma,No tengo comentarios
1,2,10,5,Amabilidad y soluci칩n,
1,3,9,3,,
1,1,10,5,Muy r치pida,Todo est치 bien asta el momento gracias
1,2,9,4,,
1,3,10,5,Excelente servicio,Todo esta bien
1,1,10,5,Rapidez,
1,2,10,5,Porque todo lo que necesite lo hice muy r치pido y 치gil,"Para m칤 todo est치 bien y lo que m치s me gusta es que tienen muchos filtros de seguridad.
Excelente por eso"
1,3,10,5,Quisiera activar producto por medio de la banca virtual,Acceso para activar producto como solicitar tarjeta de cr칠dito
1,1,10,5,La aplicaci칩n es eficiente y confiable,
1,2,10,5,,
1,3,10,5,"Es muy f치cil de utilizar y segura, me permite ingresar y hacer transferencias sin tanto enrredo, no me cobra por realizar transacciones y puedo ahorrar en la cuenta bolsillo sin sentir tentaci칩n de sacara el dinero ya que lo deja aparte y fuera de mi alcance visual",
1,1,10,5,Por sus servicios,
1,2,9,4,Sencillez en la gesti칩n que tuve que realizar.,칔ltimamente la App no permite acceder con el biom칠trico.
2,3,9,5,,
2,1,10,3,Es Funcional y llena mis necesidades,No tengo sugerencia por el momento.
2,2,9,3,,
1,3,10,5,Excelente servicio,.
2,1,9,4,"F치cil manejo,",Tener m치s puntos fuera de ciudades
2,2,10,5,Funciona bien  r치pido efectivamente,
1,3,10,5,,
2,1,10,5,Me respondi칩 eficiente mente,M치s facilidad  al hacer pagos
1,2,10,5,He tenido una muy buena experiencia con el servicio,
1,3,10,5,"Amigable, muy f치cil de usar",
2,1,10,5,La atencion es muy buena y la personas que atienden el tel son muy amables,todo ok
1,2,9,4,,
2,3,9,5,,Llevo muchos a침os en colpatria y me ha ido muy bien
2,1,10,5,R치pida y segura.,"Por qu칠 est치n cerrando tantas oficinas?
Se que la pregunta no tiene que ver con la respuesta, pero es un excelente banco y muy confiable, es preocupante el cierre de tanta oficina.

Con tanto robo y jaqueo de cuentas, deben continuar mejorando la seguridad en las transacciones y cuentas de los usuarios."
1,2,10,5,"tengo confianza y seguridad con su instituci칩n,",continuar brindandonos confianza y seguridad
1,3,10,3,La calidad en el servicio se sostiene.,Incluir como servicio el pago del impueto predial y que se pueda pagar con tarjeta de cr칠dito.
1,1,10,5,Todos los servicios son excelentes,
1,2,10,5,,
3,3,9,5,Error qu칠 comet칤 el grupo asesor me colabor칩 altamente,No s칠
1,1,10,4,La recomendaria y la uso minimo 4 dias a la semana,
1,2,10,5,Siempre rapida,Todo est치 bien
1,3,10,4,"Me parece que que es muy eficiente, segura y rapida, gracias",De verdad en este momento no se me ocurre nada mas
2,1,10,3,,
2,2,9,3,"Se ha mantenido similar, no han habido cambios",Hacer diferentes bolsillos para adminsitrar mejor el dinero
1,3,9,3,La percepci칩n del servicio en procesos virtuales es buena y estable; no he notado nada diferente o agregado,"La implementaci칩n de notificaciones v칤a celular o correo electr칩nico, de los dep칩sitos o consignaciones a la cuenta, como ocurre muy eficazmente con los retiros en cajeros autom치ticos o compras.
Tambi칠n notificar autom치ticamente por los mismos medios indicados, las operaciones en cajas de las oficinas; sean retiros o consignaciones en efectivo; independiente del soporte f칤sico que entregan."
2,1,10,3,Mi apreciacion es buena,Permitir modificar los topes de transacciones  solo permite 10 pagos en pse y no se pueden aumentar yo pago mas de 40 facturas en linea por lo tanto debo hacerlo durante 4 dias y antes no era asi
1,2,9,3,DIFICULTAD EN PODERSE COMUNICAR TELEFONICAMNENTE.,Mejorar la atenci칩n telef칩nica.
2,3,9,5,Porque esta se realiz칩 de una manera amigable y 치gil,"Aunque la seguridad es importante en el banco, buscar mejorar cada d칤a m치s en este aspecto"
1,1,10,5,F치cil y rapido,Que los c칩digos lleguen m치s rapido
1,2,9,5,rapisa y segura,veo muy bien la app hasta ahora
1,3,10,5,Por la seguridad y agilidad que brinda,Por qu칠 el anuncio de alerta cuando se pagan facturas y por qu칠 digitar toda la direcci칩n web?
2,2,10,5,Rapidez y confianza,mejorar tiempo en transferencias a otros
1,3,10,2,Seria bueno que las cuentas de bolsillo se puedan nombrar,Que en las cuentas de bolsillo se puedan nombrar
2,1,10,5,apoyo financiero,siento que todo esta bien
2,2,10,5,ES MUY AMIGABLE,MEJORAR LA VELOCIDAD DE BUSQUEDA ...PATINA UN POCO PARA VER SALDOS
1,3,10,3,,
1,1,10,5,Flexibilidad,Seguir obstruyendo
1,2,10,5,Muy buen servicio y la seguridad que tiene,Como esta memparece bien avces los cajeros pasan fuera de servicio
1,3,10,5,,
1,1,10,5,Fue muy f치cil hacer transacciones,Una manera m치s f치cil para poder actualizar datos personales
1,2,10,5,Los servicios he informaci칩n generada por los asesores del banco han sido excelentes.,Hasta el momento tengo muy buena experiencia.. talvez hayan cosas que se deban mejorar pero en este momento no tengo comentarios al respecto
2,3,10,2,"Por que no ha sido posible un pago por PSP a una entidad bancaria, en dos ocasiones la han rechazado porque la p치gina de Scotiabank no abre cuando Se va a realizar el pago",Nunca hab칤a presentado problemas de coneccion hasta el 17 y 18 de diciembre 2023
2,1,10,5,Por la facilidad y la rapidez conque efect칰e mi transacci칩n.,La Banca virtual como esta cumple con todas mis expectativas de este sistema bancario.
2,2,10,5,,
1,3,10,5,Por la seguridad virtual,Hasta el momento iteresante
2,1,9,3,Siempre me ha sido f치cil su uso,No tengo idea
2,2,9,3,No hay nuevos servicios,
1,3,10,3,Me gusta colpatria,
2,1,10,5,Considero que el servicio que me han prestado ha aumentado en calidad y ello me ha incrementado mi confianza en el banco.,Sinceramente no tengo comentarios al respecto.
1,2,10,5,"vi mas servicios para pagar virtual, su pagina es facil y agil.","me gustaria que se pudiera descargar los movimientos facil aportes y retiros excel o pdf
que cuando exista alguna consulta se pueda crear la clave telefonica por medio virtual y pues si uno quiere hablar con un asesor solo por la linea y no tienes clave es complicado generarla"
2,3,10,5,"Es buena, rapida y facil de interactuar con ella",
2,1,10,3,Veo la plataforma igual de agil,Me siento satisfecho y comodo
2,2,10,3,En muchas ocasiones es imposible ingresar a la plataforma,M치s agilidad tecnologica
2,3,10,3,Tengo una buena opini칩n de la aplicaci칩n,Sin comentarios
2,1,10,3,Porque con estar con una maquina no es agradable y se teme q la llamada se corte,Q conteste un funcionario
1,2,10,3,,
2,3,9,5,Porque facilita la forma de hacer las transacciones,"Atenci칩n con las fechas de vencimiento de los servicios p칰blicos... La del agua y gas las tienen mal en el sistema de colpatria, la del agua dice la fecha de suspensi칩n del servicio en lugar de fecha de pago oportuno, y la del gas indica que se vence todos los d칤as, no da la fecha de pago oportuno"
1,1,10,5,"Es muy buena cuenta de ahorro, super confiable.",Quisiera poder colocarles nombres a mis bolsillos de ahorro
1,2,10,5,"Cuando inicie a utilizarla no me gusto, pero con el tiempo me encanta, pago servicios, transfiero, realizo recargas y por PSE recargo la tarjeta tu llave, pago en almacenes, me ha hecho mas f치cil las cosas","Que los cajeros est칠n siempre al servicio del cliente, en ocasiones est치n fuera de servicio, o sin dinero y debo acudir a otros cajeros de los cuales hay que pagar."
1,3,10,5,La facilidad de las operaciones.,Para m칤 est치 bien.
1,1,9,5,Operaci칩n sencilla y efectiva,"Por ahora, no tengo problemas"
1,2,10,3,,Que crear치n bolsillos para separar el dinero
1,3,9,3,Siempre ha sido amigable y me ha permitido hacer los movimientos que necesito,
1,1,10,5,Porque me parece una entidad bancaria seria y responsable muy buena atenci칩n de parte de los asesores yo estoy contenta,Onestamente estoy muy contenta nada m치s que pedir
3,2,10,3,Solo realice una consulta relacionada de mis productos,Minimizar Tiempo de espera
1,3,9,5,No dispongo de tiempo para desplazarme al banco y en la banca virtual me ha ido muy bien hasta el momento,tal vez ampliar mas servicios
1,1,10,5,Es pr치ctica y me ayuda a gestionar mis productos de forma f치cil y segura,Est치 ok
2,2,9,3,La pagina presenta fallas algunas veces,Solucionando los inconvenientes con la pagina de la banca virtual
2,3,9,5,Por que es muy buena y mas segura,Para mejorar la Banca Virtual es que uno pueda entrar sin necesidad de uno registrarse.
2,1,10,4,Me gustan los filtros nuevos para autenticar transacciones,Para mi la experiencia es r치pida y segura
1,2,10,3,La utilizo para lo b치sico pago de Servicios y pago de la misma tarjeta,Es tender la hora de funcionamiento seria bastante util
2,3,10,5,"츼GIL, CONFIABLE Y SEGURA",NO ENCUENTRO OBJECIONES
2,1,9,4,La chica que me atendio fue muy eficiente,
1,2,10,3,,
2,3,9,3,Todo estuvo igual,Cuando el sistema recibe un pago frecuente y se va a realizar el pago dice que es programado. Los pagos pendientes aparecen con fecha vencida aunque est칠 vigente.
1,1,10,5,"Es f치cil de usar y tiene medidas de seguridad, que hasta el momento me han funcionado bien.",Cada vez trabajar m치s en la actualizaci칩n de medidas de seguridad que es lo que preocupa en la actualidad.
3,2,10,5,excelente atenci칩n,"Dar m치s explicaciones sobre los seguros que se tienen con el banco.
Personalmente pago varios seguros a scotiabank y no s칠 que tengo asegurado."
1,3,10,5,Es muy f치cil de usar y se pueden realizar diferentes consultas o transacciones sin salir de casa,"Nada, todo funciona bien"
1,1,10,5,Esta bien dise침ada,Permitir el cambio de una cuota a alguna transacci칩n
2,2,9,3,,
1,3,10,5,,Excelente
2,1,9,5,"Seguridad, Comunicaci칩n veraz y oportuna, agilidad en las transacciones.",
1,2,10,5,Muy eficiente,Todo bien
2,3,10,5,Facilidad actualidad facilidad y Seguridad,Mejorar mi portafolio de productos. In ustedes
1,1,9,3,,
1,2,10,5,,Mejorar en el tema de las transferencias entre bancos diferentes
1,3,10,5,"Scotianbank Colpatria me hace c칩modo mis pagos desde la comodidad del lugar donde yo est칟, hago todo con respecto a lo bancario","Con respecto a la banca virtual y aplicaci칩n m칩vil me encuentro supremamente satisfecha, pero con respecto a los cajeros multifuncionales si tengo que acotar que a veces est치n fuera de servicio y ah칤 si me complican el tiempo."
1,1,10,5,Tienen un buen servicio,Me parece bien todo
1,2,10,5,Buen cervicio,No cobrar manejo de tarjeta
2,3,10,3,siempre me ha parecido buena,no tengo sugerencias
1,1,10,5,Un buen servicio,Tiene buen servicio al cliente
2,2,10,5,Pagos obligaciones y avance,Ninguna
1,3,10,5,Porque lo procesos con la banca virtual son muy amigables.,Facilitar la descarga de los comprobantes de transacciones. En ocasiones no se pueden descargar.
1,1,9,3,Los movimientos siguen siendo los mismos,No sab칤a explicae
1,2,9,4,,
1,3,10,5,"Agilidad, seguridad de los datos.",
2,1,9,5,Procesos 치giles y efectivos,Permitir transacciones en moneda extranjera menores al l칤mite actual
1,2,9,3,,Nada asi esta muy bien
2,3,10,3,Continuo muy satisfecha con el servici칩 virtual de la entidad,"El aviso de las transacciones de forma inmediata es lo ideal, en alguna ocasiones llega cinco minutos o mas tiempo despues de realizada la transacci칩n."
1,2,10,4,,
1,3,10,3,,
1,1,9,5,buena aplicaci칩n,bien
1,2,10,5,SI,A VECES SE CAE MUCHO EN LA NOCHE
1,3,9,5,Es facil utilizar la plataforma,na
2,1,10,4,Seriedad,
2,2,10,5,Es muy practica y agil,a mi parecer todo esta bien
2,3,10,5,Por la seguridad en el manejo de nuestros valores.,Me encuentro fuera del pais y he podido contar con la ayuda bancaria.
1,1,10,3,"Siempre he tenido una buena experiencia, y eso no ha cambiado","No he evidenciado algo que deba cambiarse, hasta ahora todo me ha fucionado muy bien."
1,2,9,3,,Todo bien!
2,3,9,3,Mucha espera,No s칠
1,1,10,3,,Transacciones los fines de semana con otros bancos y por lo menos hasta las 5 pm los d칤as de semana
1,2,10,5,Por sus beneficios y excelente servicio,Simplificar los pasos al momento de una tranferencia
1,3,10,5,Dan una excelente informaci칩n seguido,Seguir manteniendo la informaci칩n de la banca
1,1,10,5,confiable,Todo esta bien
1,2,10,5,"Es seguro, f치cil y r치pido",Descuentos en tiendas por pago con tarjeta debito Scotiabank
1,3,10,3,,
1,1,10,1,"Tengo un acuerdo de pago, con una cuota y fecha fijas  la cual no se ha mantenido, cada vez el valor de la cuota cambia, as칤 como la fecha de paho, la acortan cada mes.",Cumplir lo pactafo
1,2,10,3,,
2,3,9,3,,No es facil comunicarse con un asesor por la web.
2,1,10,3,Sigue igual,
1,2,10,5,"Es buena, y f치cil de usar. Aunque el transfiya a veces falla",Estabilizar transfiya
2,3,10,5,,
2,1,9,5,"Por qu칠 es f치cil, bastante 치gil en las transacciones, pide la verificaci칩n correspondiente y esto ayuda a la seguridad virtual.",Hasta el momento vamos bien y mejorando.
2,2,10,3,siempre he quedado satisfecha con los servicios,no se me ocurre nada pues  he encontrado lo que necesito
1,3,9,3,"siempre que utilizo la app , he logrado con facilidad hacer las transacciones necesarias sin tener que desplazarme hasta el banco",por ahora todo esta bien
2,1,9,4,Facilidad,Pagos personalizado.
2,2,9,3,,
1,3,9,4,,
1,1,9,5,Que ya es m치s f치cil yo hago la recargas hago las pagos por pse las transferencias y es relativamente sencillo,Por el momento est치 bien
2,2,10,3,Sigo pensando que es una excelente tarjeta de credito,
2,3,9,4,"Encuentro que Scotiabank marca diferencia frente al servicio que ofrece otros bancos.
He revisado opciones para tener una alternativa en caso qu칠 Scotiabank salga del mercado y no hay nada parecido.","Considero que tienen estabilizado el servicio, es 치gil, confiable y permanente.
Por el momento no veo alg칰n tipo de mejora"
3,1,10,5,Por la seguridad y la eficiencia,No se me ocurre para mi esta muy bien.
1,2,10,5,Porque me brindaron una excelente atenci칩n,En el momento creo que todo est치 bien
1,3,9,4,mejoraron la plataforma de navegaci칩n,que informen cuando en algunos momentos la plataforma se cae
2,1,10,3,"La forma de usar la aplicaci칩n es genial, f치cil y efectiva",Me parece que as칤 est치 bien
1,2,10,5,Porque es f치cil de entrar a la aplicaci칩n,Realizar las transferencias de manera inmediata
2,3,9,3,Fui lo mismo f치cil y r치pido,Nada as칤 esta bien
1,1,9,3,Este canal siempre ofrece un buen servicio,No tengo sugerencias
1,2,10,5,Servicio practico y seguro.,"Todo bien, nada que a침adir."
1,3,9,4,Por oportuna y eficaz,
2,1,10,3,Siempre he pensado que funciona bien,No tengo recomendaciones
1,2,10,5,,
2,3,10,5,Muy f치cil y pr치cticos todos los procesos,Mejoramiento permanente y continuo en todos los procesos...
1,1,10,5,El buen  servicio,"Aumentar  la ayuda  por chat  Para las personas  wue estan fuera  del Pais, y poder  realizar  tramites  sin necesidad  de ir a una ofina  principal , por tocaria viajar  a Colombia"
1,2,10,4,,
2,3,10,5,Entro a la p치gina a mi cuenta a mis cr칠ditos sin tanta dificultad.,Que los extractos salgan mes a mes
1,1,10,5,Rapidez,Seguir dando un excelente servicio
2,2,9,3,Servicio eficiente en todo momento,Conservar los niveles logrados
1,3,9,4,Por sus nuevos servicios,Hasta el momento estamos bien
1,1,10,4,,
1,2,10,4,Por su f치cil ingreso.,No tengo ninguna sugerencia
1,3,9,4,Porque es clara la interacci칩n y sencilla,Solicitar que la clave pueda tener un nivel mayor de seguridad permitiendo y/o solicitando caracteres especiales
2,1,9,3,Viven cambiando cosas y personas  seguido y eso es muy desagradable,Mejorar los telefonos  imposible llamar y siempre contesta un robot
2,2,10,3,Siempre me ha parecido una buena plataforma.,Hasta el momento est치 muy bien.
1,3,9,5,Fue r치pida,"Nada, todo va bien"
1,1,10,4,"Es muy sencilla de usar y tiene bastantes opciones, sin embargo, puede ser un aspecto positivo pero tambi칠n negativo el bloqueo que se le realiza en la noche. De resto la interacci칩n con la app es bastante buena.","칔nicamente validar si hay alguna otra alternativa de evadir el robo en horario nocturno, porque en ocasiones se requiere hacer alguna recarga y no es posible, de resto todo muy bien."
1,2,10,5,la facilidad para cualquier transaccion o movimiento con el banco,"seguir reportando cualquier  movimiento no habitual en la plataforma, para evitar que hayan fraudes"
1,3,10,3,Igual que ntes,Arreglar o agilizar el call center para no dejar tanto tiempo esperando
2,1,10,5,Banco 치gil y efectivo.,Dejarla como est치.
1,2,10,5,Por qu칠 me parecen muy buena la aplicaci칩n,Por el momento no mucho la veo bien
3,3,10,5,,
1,1,10,5,,Hacer a칰n m치s segura mi dinero
1,2,10,5,Me gusta q es r치pido para todo.,Colocar m치s cajeros localidad de usme no hay ninguno.
2,3,10,3,Todo mi bien,Todo muy bien
2,1,10,5,Facilidad en pagos en transferencias ahorros etc,Hasta el momento todo me funciona muy bien
1,2,10,5,,
1,3,9,3,Falta mayor informaci칩n y actualizaci칩n de datos y reporte,"Mejorar informaci칩n
Poder de decision y soluci칩n"
2,1,10,5,Siempre me entiende muy bien,
2,2,10,3,gzlkjlkjzvlkjhclkjczhlkjhvkljzhvkljchvkljchkjlchvkjzchvkljchklzjchvkljhvlcj,jasdfsjkjkbjklbxcklbj침
2,3,9,3,"Parametrizar la plataforma para hacer pagos desde el celular, como Daviplata y Nequi sin problema, en mi caso tengo tres cuentas de ahorro y cuando voy a hacer el pago solo aparece una cuenta, no hay opci칩n de elegir desde cual cuenta va a hacer la transferencia telef칩nica.",
2,1,10,5,Es de f치cil manejo y segura,Esta bien
2,2,10,3,Por qu칠 siempre lo he calificado de q son una entidad con buen servicio y eficiente,
1,3,10,5,"F치cil de usar, pronta respuesta.",
1,1,10,3,.,Deber칤an tener un espacio donde se vea la tarjeta virtual para ver el n칰mero de la tarjeta y la cvv con mayor facilidad y comodidad
2,2,10,3,,
1,3,10,5,Porque es f치cil y r치pido,Que den dinero gratis
2,1,10,5,Es muy r치pida y sin complicaciones,Seguir en la vanguardia digital
1,2,10,4,"agil, facil,eficaz,impersonal,permanente 24x7,",
2,3,10,5,Excelente soporte y siempre lista cuando la necesito,Todo ok
1,1,10,5,,
1,2,10,5,Por su buen servicio,Que sigan cumpliendo c칩mo lo   han hecho hasta  ahora
1,3,10,2,"Por robo de mi celular quer칤a cambiar la clave en la app por seguridad, pero solo me dec칤a que el cambio se hac칤a con un c칩digo al celular, pero si me fue robado no pod칤a cambiar la clave, as칤 que deber칤an habilitar la opci칩n de correo tambi칠n.",Habilitar la verificaci칩n por correo en algunas de las operaciones.
3,1,10,4,,
1,2,9,4,Por costos,Mejorar los servicios
1,3,10,3,El servicio es igual de bueno,Todo est치 correcto
2,1,9,5,Muy buena la informaci칩n y los procesos son muy confiables,Que siga siendo confiable para los usuarios en seguridad
1,2,10,5,Tiene muchas opciones y facilidades para la clase obrera y es muy justa y espero mejore y no se lo contrario,Para que sea mucho mejor agregar todos los servicios a nivel nacional para pagos electr칩nicos agregar opciones de pago con el tr치nsito a nivel nacional para poder pagar impuestos y ojal치 SOAT de manera f치cil desde la app
1,3,10,4,,
2,1,10,5,,"Est치 excelente, me gusta mucho, estoy muy satisfecho."
1,2,10,3,Porque sigue siendo muy bueno el servicio,"La aplicacion movil en mi telefono solo me sirve para consjktar saldos, no para hacer pagos o trasferencias"
1,3,10,4,Por qu칠 fue posible realizar mi solicitud sin desplazarme,
1,1,10,3,,
1,2,10,5,"Es muy f치cil manejar la app, siento que tiene buena seguridad.",Ninguno
2,3,10,3,"La atenci칩n fue la esperada.
Muchas gracias","Continuar con la la atenci칩n a las inquietudes del usuario.
Gracias"
1,1,10,5,,no me llega la informaci칩n cuando me consignan o me transfieren.
1,2,10,5,"Porque tengo el servicio de poder pagar la administraci칩n de mi apartamento a trav칠s de PSE, de manera eficiente, as칤 como la agilidad en la consulta de mi cuenta.",No tengo ninguna sugerencia.
1,3,10,4,la atencion de sus empleados,
1,1,10,5,Agilidad,
1,2,9,3,,
1,3,10,5,Porque es f치cil manejarla,Gracias
1,1,10,5,Es efectiva y eficiente,M치s disponibilidad de asesor칤a para los canales
1,2,10,5,,
2,3,10,5,Ser oportuna .치gil  en la respuesta que se necesita. Calidad  de sus asesores.,Excelente hasta el momento. Muchas Gracias.
